,title,question,names,x,y
0,0,sandwich cookie,0,0.5587263107299805,0.4122818112373352
1,1,black-and-white cookie,1,0.5349698662757874,0.542724609375
2,2,popular cookie,2,0.47449991106987,0.7497922778129578
3,3,sweet sandwich,3,0.4199545979499817,0.7333217263221741
4,4,creme-filled cookie,4,0.5023910403251648,0.7145213484764099
5,5,nabisco cookie,5,0.5516736507415771,0.48150935769081116
6,6,cookie favorite,6,0.5269001126289368,0.7405694723129272
7,7,layered cookie,7,0.5025967955589294,0.6288899779319763
8,8,black-and-white treat,8,0.5337424874305725,0.3773561418056488
9,9,two-tone treat,9,0.4733474850654602,0.6630529165267944
10,10,two-tone cookie,10,0.515677273273468,0.8249608278274536
11,11,hydrox rival,11,0.5024832487106323,0.46699342131614685
12,12,triple-decker cookie,12,0.40804100036621094,0.6862556338310242
13,13,black-and-white cookies,13,0.18157203495502472,0.49971070885658264
14,14,nabisco treat,14,0.6363887786865234,0.4759863018989563
15,15,cream-filled cookie,15,0.6596234440803528,0.45618441700935364
16,16,twistable cookie,16,0.5295037031173706,0.6380561590194702
17,17,best-selling cookie,17,0.6640550494194031,0.7604311108589172
18,18,sandwich cookies,18,0.5549731254577637,0.5970706343650818
19,19,twistable treat,19,0.47396722435951233,0.6720418930053711
20,20,black-and-white snack,20,0.4963323175907135,0.6674430966377258
21,21,cookie since 1912,21,0.6188551783561707,0.4491320550441742
22,22,creme cookie,22,0.5672976970672607,0.7445644736289978
23,23,cookie brand,23,0.35399511456489563,0.8199754953384399
24,24,lunchbox treat,24,0.3631281852722168,0.5894872546195984
25,25,dunkable treat,25,0.7243523001670837,0.6665915250778198
26,26,three-layer cookie,26,0.5742724537849426,0.7049165964126587
27,27,classic cookie,27,0.3828182816505432,0.6170421242713928
28,28,cookie many take apart,28,0.4811788499355316,0.6924822330474854
29,29,milk's favorite cookie,29,0.5737265944480896,0.6443178057670593
30,30,modern ice cream flavor,30,0.5229041576385498,0.5658217668533325
31,31,black-and-white snacks,31,0.610087513923645,0.7218648195266724
32,32,double stuf cookie,32,0.3117583394050598,0.6581276059150696
33,33,creme-filled snack,33,0.6434881091117859,0.5570636987686157
34,34,two-toned treat,34,0.5010733604431152,0.775474488735199
35,35,nabisco cookies,35,0.6269882917404175,0.6376675367355347
36,36,snack in a stack,36,0.5033769011497498,0.8915477395057678
37,37,black-and-white bite,37,0.5828554034233093,0.12951797246932983
38,38,nabisco favorite,38,0.6272104978561401,0.5264846086502075
39,39,black and white cookie,39,0.714061439037323,0.49713921546936035
40,40,white-centered snack,40,0.4804244935512543,0.5928009748458862
41,41,three-part cookies,41,0.40596717596054077,0.630667507648468
42,42,nabisco goodie,42,0.5718298554420471,0.6011607646942139
43,43,biscuit introduced in 1912,43,0.790834903717041,0.6030625700950623
44,44,snack since 1912,44,0.5174615979194641,0.6083437204360962
45,45,popular cookies,45,0.48798760771751404,0.6165592670440674
46,46,stackable cookie,46,0.6659736037254333,0.5987416505813599
47,47,triple-decker treat,47,0.5408153533935547,0.8058668375015259
48,48,nabisco brand,48,0.8895816802978516,0.550818681716919
49,49,double delight snack,49,0.49576374888420105,0.672110915184021
50,50,treat with milk,50,0.5409979224205017,0.6138954162597656
51,51,lunchbox dessert,51,0.5969666242599487,0.48352816700935364
52,52,dunkable cookie,52,0.4915970265865326,0.6062909364700317
53,53,three-layer treat,53,0.5633259415626526,0.628079354763031
54,54,layered treat,54,0.614083468914032,0.63755863904953
55,55,layered snack,55,0.5641286373138428,0.8257186412811279
56,56,cookie often eaten inside-out,56,0.5444126725196838,0.6540619134902954
57,57,mcflurry flavor,57,0.41219621896743774,0.4282456040382385
58,58,cookie choice,58,0.4032343626022339,0.7479345202445984
59,59,common cookie,59,0.6178007125854492,0.7276484370231628
60,60,cookie introduced in 1912,60,0.6105374693870544,0.39196527004241943
61,61,hydrox competitor,61,0.5019112825393677,0.38615912199020386
62,62,popular sandwich cookie,62,0.3837326169013977,0.42393383383750916
63,63,nabisco nibble,63,0.5631983280181885,0.4732002913951874
64,64,creme-filled treat,64,0.5220541954040527,0.5910156965255737
65,65,after-lunch sandwich,65,0.6105465292930603,0.502114474773407
66,66,two-toned cookie,66,0.5620714426040649,0.7430192232131958
67,67,bicolor bite,67,0.634434700012207,0.6320066452026367
68,68,cookie with creme,68,0.506930947303772,0.4831029176712036
69,69,circular snack,69,0.6362931728363037,0.7458416819572449
70,70,droxie alternative,70,0.6363956332206726,0.6579801440238953
71,71,filled cookie,71,0.42867937684059143,0.769557774066925
72,72,layered cookies,72,0.47585633397102356,0.6668441295623779
73,73,sweet sandwiches,73,0.5408095717430115,0.5699851512908936
74,74,two-tone treats,74,0.5259785652160645,0.6410343647003174
75,75,lunchbox treats,75,0.5236025452613831,0.7420083284378052
76,76,treats with milk,76,0.5100429654121399,0.563237190246582
77,77,hydrox alternative,77,0.42504262924194336,0.4340498447418213
78,78,nabisco bestseller,78,0.5102320313453674,0.5410370230674744
79,79,vowel-rich cookie,79,0.5039284825325012,0.8832776546478271
80,80,stackable snack,80,0.39625054597854614,0.7836865782737732
81,81,cakesters brand,81,0.6880220770835876,0.6387760639190674
82,82,three-layer snack,82,0.4481092691421509,0.7002031207084656
83,83,nabisco product,83,0.5515978336334229,0.5421223640441895
84,84,treat for cookie monster,84,0.6721912622451782,0.6027665138244629
85,85,creme-filled chocolate cookie,85,0.5113633275032043,0.3922796845436096
86,86,crunchy ice-cream ingredient,86,0.6690663695335388,0.5473663210868835
87,87,snack cookie,87,0.4256419837474823,0.7324827909469604
88,88,sandwich-cookie name,88,0.5044916272163391,0.0
89,89,twist-apart treat,89,0.5559379458427429,0.6888483762741089
90,90,cream-filled cookies,90,0.631148636341095,0.6120174527168274
91,91,creme-filled cookies,91,0.6110198497772217,0.6189252734184265
92,92,double stuf treats,92,0.5499555468559265,0.7461697459220886
93,93,nabisco nosh,93,0.8105847239494324,0.5682132244110107
94,94,chocolate cookie,94,0.5138023495674133,0.7460501194000244
95,95,round sandwich,95,0.5324439406394958,0.6062591075897217
96,96,twistable snack,96,0.3778475224971771,0.8506142497062683
97,97,twist-apart cookie,97,0.461392879486084,0.7085066437721252
98,98,after-school treat,98,0.510997474193573,0.6826450824737549
99,99,two-color cookie,99,0.3594854474067688,0.4391247034072876
100,100,popular cookie brand,100,0.6905089616775513,0.6126484274864197
101,101,white-centered cookie,101,0.5229744911193848,0.532386064529419
102,102,nabisco mainstay,102,0.5712377429008484,0.464699923992157
103,103,cookie in some klondike bars,103,0.44318529963493347,0.7611068487167358
104,104,stackable cookies,104,0.5338448882102966,0.5235039591789246
105,105,after-lunch sandwiches,105,0.6443999409675598,0.5063316226005554
106,106,sandwiches for dessert,106,0.6067362427711487,0.5443044304847717
107,107,two-tone cookies,107,0.46973687410354614,0.536248505115509
108,108,after-school snack,108,0.5659820437431335,0.5523985624313354
109,109,hydrox lookalike,109,0.5767462849617004,0.5927193760871887
110,110,sandwich snack,110,0.3436658978462219,0.6076725125312805
111,111,nabisco classic,111,0.575194776058197,0.5860143303871155
112,112,sweet snack,112,0.5521925091743469,0.7205051779747009
113,113,black and white treat,113,0.5707994699478149,0.29403892159461975
114,114,hydrox look-alike,114,0.5520778894424438,0.7957590222358704
115,115,dunkable dessert,115,0.7709341645240784,0.39930102229118347
116,116,sweet treat,116,0.5278676748275757,0.5570833086967468
117,117,double stuf treat,117,0.5212435722351074,0.8111948370933533
118,118,three-ply snack,118,0.5118812918663025,0.5681673884391785
119,119,three-part snack,119,0.5883938670158386,0.7521834373474121
120,120,wonderfilled cookie,120,0.385364294052124,0.6198329329490662
121,121,double delight cookie,121,0.405856192111969,0.5442748069763184
122,122,popular snack,122,0.6306563019752502,0.7225586771965027
123,123,sweet treat since 1912,123,0.6107267737388611,0.5327020883560181
124,124,three-tier cookie,124,0.4066973626613617,0.9007328748703003
125,125,twisted treat,125,0.6918275356292725,0.5687465071678162
126,126,snack item since 1912,126,0.5106375813484192,0.6002364158630371
127,127,cookie with a creme center,127,0.4643350839614868,0.6908761858940125
128,128,certain cookie,128,0.3571823835372925,0.7805314660072327
129,129,classic snack,129,0.5179399847984314,0.6210867166519165
130,130,snack first created in 1912,130,0.5414944291114807,0.5789221525192261
131,131,stacked cookie,131,0.361627995967865,0.47160547971725464
132,132,two-tone dunker,132,0.48810359835624695,0.5279111266136169
133,133,sandwich treats,133,0.57523512840271,0.5914499759674072
134,134,black-and-white treats,134,0.5689157843589783,0.5178742408752441
135,135,twistable cookies,135,0.5508357286453247,0.6228947639465332
136,136,two-tone snacks,136,0.39584067463874817,0.6618584394454956
137,137,double stuf cookies,137,0.46752670407295227,0.6064106225967407
138,138,creme-filled snacks,138,0.48995891213417053,0.592280387878418
139,139,some cookies,139,0.39948374032974243,0.5998273491859436
140,140,twistable treats,140,0.511404275894165,0.5955193638801575
141,141,crossword cookie,141,0.6378453373908997,0.6243749260902405
142,142,sandwich treat,142,0.5439863801002502,0.5656148791313171
143,143,nabisco offering,143,0.5668882131576538,0.5682603120803833
144,144,oft-dunked treat,144,0.352702260017395,0.6061781644821167
145,145,black-and-white sandwich,145,0.48940861225128174,0.3869361877441406
146,146,black and white sandwich,146,0.5085225701332092,0.2085541933774948
147,147,lickable cookie,147,0.693124532699585,0.7425627708435059
148,148,nosh from nabisco,148,0.5417563915252686,0.5664942264556885
149,149,little dipper?,149,0.40934184193611145,0.4604650139808655
150,150,it comes in black and white,150,0.5415704250335693,0.5637395977973938
151,151,big stuf cookie,151,0.5296538472175598,0.5774690508842468
152,152,ice cream flavor,152,0.6113253235816956,0.520541250705719
153,153,"double stuf, eg",153,0.5341905355453491,0.5444086194038391
154,154,tiered treat,154,0.28376513719558716,0.6244332790374756
155,155,crumbled ice cream topping,155,0.6588718891143799,0.8262556195259094
156,156,three-part cookie,156,0.4645565450191498,0.48818016052246094
157,157,snack choice,157,0.3905773460865021,0.6510010361671448
158,158,sister brand of nilla,158,0.4113893508911133,0.7349655032157898
159,159,billion-selling cookie,159,0.4894837439060211,0.7328776121139526
160,160,"ice-cream extra, perhaps",160,0.5931034684181213,0.7584807276725769
161,161,top-selling cookie,161,0.3727620244026184,0.5140810012817383
162,162,triple-decker snack,162,0.5445764660835266,0.6121890544891357
163,163,nabisco snack,163,0.6032441854476929,0.5108110308647156
164,164,chocolate treat,164,0.40416407585144043,0.6101467609405518
165,165,dirt pie ingredient,165,0.5716777443885803,0.6149538159370422
166,166,a favorite with milk,166,0.3626401424407959,0.5283742547035217
167,167,black and white snacks,167,0.6067255735397339,0.694594144821167
168,168,three-layer snacks,168,0.4414125978946686,0.6727560758590698
169,169,black and white cookies,169,1.0,0.5558872818946838
170,170,cookies in dirt cake,170,0.4661561846733093,0.6594869494438171
171,171,lunchbox cookie,171,0.3324579894542694,0.6335511803627014
172,172,dessert sandwich,172,0.577314019203186,0.587565541267395
173,173,grade-school snack,173,0.3405209481716156,0.6655628681182861
174,174,cookie with three parts,174,0.4560025632381439,0.7047058939933777
175,175,oft-dunked cookie,175,0.5093798637390137,0.6330548524856567
176,176,chiaroscuro cookie,176,0.544782280921936,0.78915935754776
177,177,"milk's favorite cookie, according to ads",177,0.6635341048240662,0.6463542580604553
178,178,cookies-and-cream cookie,178,0.557598888874054,0.6753233671188354
179,179,chocolate sandwich,179,0.5942165851593018,0.5517741441726685
180,180,snack that's often separated,180,0.5331437587738037,0.6421061158180237
181,181,bite in black and white,181,0.43675127625465393,0.5195712447166443
182,182,soft-centered snack,182,0.35114702582359314,0.7410500645637512
183,183,black and white snack,183,0.6652182340621948,0.628841757774353
184,184,cookie that predates crossword puzzles,184,0.4219529330730438,0.5869604349136353
185,185,crunchy ice cream flavor,185,0.6776382327079773,0.7423052191734314
186,186,multi-level cookie,186,0.3643758296966553,0.4621748626232147
187,187,sunshine hydrox alternative,187,0.671638548374176,0.6035374999046326
188,188,classic nabisco snack,188,0.7649440169334412,0.5258938670158386
189,189,stratified snack,189,0.3510044813156128,0.6612515449523926
190,190,dirt cake ingredient,190,0.5339892506599426,0.4588674306869507
191,191,ice cream add-in,191,0.4508703947067261,0.8105522990226746
192,192,lickable treat,192,0.5020224452018738,0.6047729253768921
193,193,white-and-black stacked snack,193,0.5814605355262756,0.6993405222892761
194,194,hundred-year-old cookie,194,0.40626275539398193,0.6143408417701721
195,195,milk go-with,195,0.5313240885734558,0.38327255845069885
196,196,stacked snack,196,0.462309867143631,0.6806226968765259
197,197,kraft cookie brand,197,0.8763555288314819,0.6081642508506775
198,198,lunch box treat,198,0.49889907240867615,0.6632694005966187
199,199,licked cookie,199,0.46442654728889465,0.6686660647392273
200,200,triple-layer cookie,200,0.43162235617637634,0.7624760270118713
201,201,oft-twisted cookie,201,0.3765622675418854,0.7245482802391052
202,202,popular snack since 1912,202,0.6987078189849854,0.6132478713989258
203,203,sandwich-style sweet,203,0.5617478489875793,0.5805686116218567
204,204,oft-twisted treat,204,0.5694863796234131,0.7339529395103455
205,205,longtime hydrox competitor,205,0.5537223219871521,0.5014660358428955
206,206,cookie shaped like two of its letters,206,0.5968970060348511,0.540963351726532
207,207,cookie with a thins variety,207,0.44543692469596863,0.47512903809547424
208,208,sandwich cookie name,208,0.4172714948654175,0.38088271021842957
209,209,lunchbox goody,209,0.5953397154808044,0.4686587452888489
210,210,crosswords' favorite cookie,210,0.5106450915336609,0.7402028441429138
211,211,crunchy ice-cream flavor,211,0.6879259943962097,0.8140964508056641
212,212,cookie deep-fried at fairs,212,0.3494497537612915,0.46340522170066833
213,213,___ o's (post cereal),213,0.4693848490715027,0.5944297313690186
214,214,cookie that debuted in 1912,214,0.5842756628990173,0.424458771944046
215,215,it may get a good licking,215,0.6046252250671387,0.6178497076034546
216,216,snack that's bitten or licked,216,0.5389965772628784,0.42883726954460144
217,217,it may get a licking after dinner,217,0.6428232789039612,0.46048814058303833
218,218,it's often twisted apart,218,0.5549131035804749,0.5955373048782349
219,219,it has a creamy middle,219,0.5110906362533569,0.623462975025177
220,220,nabisco item,220,0.7964691519737244,0.5681034326553345
221,221,nabisco best-seller,221,0.7908759713172913,0.5284063220024109
222,222,cookie with a floral design on it,222,0.43747204542160034,0.6639494299888611
223,223,ice cream mix-in,223,0.49657967686653137,0.5695858001708984
224,224,dunking cookie,224,0.40634557604789734,0.7464165091514587
225,225,doublestuf cookie,225,0.5227006077766418,0.8566493988037109
226,226,popular lunch bag munchie,226,0.5217640995979309,0.46875429153442383
227,227,cookie type,227,0.5670832395553589,0.5179447531700134
228,228,cookie with filling,228,0.5501415133476257,0.6054458618164062
229,229,three-tiered treat,229,0.4692264199256897,0.6208316087722778
230,230,cookie treat since 1912,230,0.27355894446372986,0.5932846665382385
231,231,two-tone snack,231,0.5067712664604187,0.821793258190155
232,232,cookie snack,232,0.46479830145835876,0.6396687626838684
233,233,popular cookie since 1912,233,0.6032657027244568,0.6100443005561829
234,234,cookie with its name on its side,234,0.5415459275245667,0.7357661128044128
235,235,embossed snack,235,0.5948240160942078,0.9274682402610779
236,236,vowel-rich snack,236,0.565062940120697,0.5880252718925476
237,237,cookie in some ice cream,237,0.4770219027996063,0.48565664887428284
238,238,cookie in pie crusts,238,0.6324842572212219,0.811194658279419
239,239,black-and-white classic,239,0.4817865192890167,0.4143674969673157
240,240,hydrox look-a-likes,240,0.42199456691741943,0.444045752286911
241,241,bicolor cookies,241,0.5349977612495422,0.5834031701087952
242,242,separable cookies,242,0.42888855934143066,0.579678475856781
243,243,black-and-white bites,243,0.48921313881874084,0.2854316830635071
244,244,twisted-apart treats,244,0.5402953028678894,0.6122426390647888
245,245,snack cookies,245,0.6232579946517944,0.6752977967262268
246,246,triple-layer treats,246,0.21993279457092285,0.6477064490318298
247,247,cream-filled treats,247,0.5276849269866943,0.6143829226493835
248,248,layered snacks,248,0.5038066506385803,0.587051510810852
249,249,three-layer cookies,249,0.5078284740447998,0.6737424731254578
250,250,lunchbox cookies,250,0.5565258264541626,0.536101222038269
251,251,triple-decker treats,251,0.23909303545951843,0.681317925453186
252,252,cookie favorites,252,0.5559371709823608,0.7867193222045898
253,253,triple-decker cookies,253,0.524644136428833,0.6026011109352112
254,254,layered treats,254,0.524334728717804,0.6901943683624268
255,255,lunch box cookies,255,0.5654429793357849,0.5934075713157654
256,256,two-toned cookies,256,0.39998945593833923,0.5623851418495178
257,257,goodie in the lunchbox,257,0.6797485947608948,0.45968174934387207
258,258,cookie,258,0.5207393765449524,0.42833083868026733
259,259,"subject of weird al yankovic's ""the white stuff""",259,0.45892566442489624,0.5355873703956604
260,260,tiered snack,260,0.5121506452560425,0.9367585778236389
261,261,vanilla ice cream add-in,261,0.5785273313522339,0.7845572829246521
262,262,black and white bite,262,0.7203492522239685,0.5275372862815857
263,263,black-and-white delight,263,0.6245113015174866,0.3181447684764862
264,264,cookie added to a mcflurry,264,0.4745873808860779,0.7862270474433899
265,265,cookie with a twist?,265,0.41875511407852173,0.6377547979354858
266,266,a kid'll eat the middle of one first,266,0.4712557792663574,0.48730725049972534
267,267,oft-disassembled cookie,267,0.6130430102348328,0.6317591667175293
268,268,often-dunked item,268,0.40601646900177,0.5504032969474792
269,269,sandwich for dessert,269,0.5762678384780884,0.5763730406761169
270,270,cream sandwich,270,0.6320255994796753,0.5849817991256714
271,271,chocolate creme cookie,271,0.5194815993309021,0.8189987540245056
272,272,it has two tones and three tiers,272,0.6009453535079956,0.4153629243373871
273,273,nonagenarian cookie,273,0.6337538361549377,0.6580105423927307
274,274,cookie with a crunch,274,0.5591469407081604,0.7624887228012085
275,275,snack cookie since 1912,275,0.49249395728111267,0.5862772464752197
276,276,cookie sandwich,276,0.32294780015945435,0.4879216253757477
277,277,frequently dunked cookie,277,0.5867857336997986,0.8128262758255005
278,278,treat often taken apart,278,0.5139837861061096,0.4228341281414032
279,279,chips ahoy! alternative,279,0.6961008906364441,0.5769107937812805
280,280,chocolaty snack,280,0.4668319523334503,0.5596303939819336
281,281,chocolaty treat,281,0.5327675342559814,0.8713422417640686
282,282,dunker's cookie,282,0.4477898180484772,0.5808065533638
283,283,klondike bar variety,283,0.5654374957084656,0.6834688186645508
284,284,blizzard flavor,284,0.6544504165649414,0.5202056765556335
285,285,nabisco sandwich cookie,285,0.5755258202552795,0.4484599232673645
286,286,cookies 'n cream cookie,286,0.55699622631073,0.7508421540260315
287,287,crispy creme treat,287,0.5350043177604675,0.5946799516677856
288,288,dunked treat,288,0.49104195833206177,0.5765475034713745
289,289,double stuf treat,289,0.39610612392425537,0.7548354268074036
290,290,after-dinner sandwich?,290,0.6535879969596863,0.5134736895561218
291,291,creme sandwich,291,0.5543602705001831,0.5539082288742065
292,292,creme treat,292,0.5629643797874451,0.6056573987007141
293,293,lunchbag dessert,293,0.716177761554718,0.6673792004585266
294,294,it may be pulled apart before eating,294,0.5418059825897217,0.7611109614372253
295,295,its top may be twisted off,295,0.5535690784454346,0.6078886985778809
296,296,snack sandwich,296,0.9256577491760254,0.6413329839706421
297,297,popular treat to split,297,0.5093892216682434,0.6239959597587585
298,298,snack with several eating options,298,0.47662854194641113,0.8398655652999878
299,299,circular cookie,299,0.40409478545188904,0.6361415982246399
300,300,nabisco trademark,300,0.5559443831443787,0.5861800909042358
301,301,circular treat,301,0.3989075720310211,0.5975837111473083
302,302,__ cakesters,302,0.5611833930015564,0.3821958303451538
303,303,breyers __ cookies & cream,303,0.6157793998718262,0.5784932971000671
304,304,android operating system named for a cookie,304,0.4076325595378876,0.6461712718009949
305,305,cookie in dirt pudding,305,0.7306287884712219,0.6407846808433533
306,306,cookie with a thins bites variety,306,0.5077946782112122,0.5069727897644043
307,307,mcflurry cookie,307,0.4886595606803894,0.707394003868103
308,308,snack sometimes eaten from the inside out,308,0.5577216744422913,0.7699346542358398
309,309,bestselling cookie,309,0.6428442597389221,0.6329292058944702
310,310,snack treat,310,0.4952681362628937,0.5956745147705078
311,311,droxie rival,311,0.4427821636199951,0.5977622866630554
312,312,doublestuf treat,312,0.3826656937599182,0.5880237817764282
313,313,three-layered treat,313,0.34494900703430176,0.6187438368797302
314,314,sweet debut of 1912,314,0.5628570914268494,0.5596362352371216
315,315,droxie competitor,315,0.4027208983898163,0.6125279068946838
316,316,after-lunch snack,316,0.5102459788322449,0.6339481472969055
317,317,big name at nabisco,317,0.54642254114151,0.5536191463470459
318,318,three-tiered snack,318,0.5849002599716187,0.8280881643295288
319,319,white-center snack,319,0.4533606171607971,0.5807142853736877
320,320,brand with a 2012 centennial,320,0.7235185503959656,0.6865648627281189
321,321,wonderfilled snack,321,0.522546648979187,0.7731791734695435
322,322,post-sandwich sandwich,322,0.6137263774871826,0.4445936381816864
323,323,stacking contest cookie,323,0.4054237902164459,0.7331151366233826
324,324,jell-o pudding flavor,324,0.6099135875701904,0.5979138612747192
325,325,"sundae topper, perhaps",325,0.551421046257019,0.7368960380554199
326,326,golden ___ (nabisco cookie),326,0.5499301552772522,0.6583954095840454
327,327,dairy queen blizzard choice,327,0.5694981217384338,0.6631576418876648
328,328,embossed treat,328,0.5250520706176758,0.5952594876289368
329,329,milk's favorite cookie sloganeer,329,0.5554431080818176,0.6461993455886841
330,330,double stuf racing league brand,330,0.6044721007347107,0.5399526953697205
331,331,fudgees brand,331,0.7872769832611084,0.5397905707359314
332,332,it can be twisted,332,0.6092575192451477,0.4696159064769745
333,333,mcflurry flavor at mcdonald's,333,0.5521608591079712,0.5488814115524292
334,334,"kind of ""snackwich""",334,0.5167071223258972,0.6137187480926514
335,335,chocolate-and-cream cookie,335,0.49795934557914734,0.447377473115921
336,336,cookie in stacking contests,336,0.5251632332801819,0.4856316149234772
337,337,dessert item since 1912,337,0.5686309933662415,0.5788518190383911
338,338,cookie with a creamy middle,338,0.6484257578849792,0.6323872804641724
339,339,snack brand that sponsored dale earnhardt,339,0.5675532221794128,0.7323523163795471
340,340,"double stuf, for one",340,0.4490260183811188,0.47860071063041687
341,341,snack with a lickable center,341,0.5635184645652771,0.605480968952179
342,342,cookie with its name on it,342,0.5164791345596313,0.7049200534820557
343,343,"treat with a ""golden"" variety",343,0.2769522964954376,0.582981288433075
344,344,cookie with creme in the middle,344,0.5435344576835632,0.6811109781265259
345,345,double-disc cookie,345,0.26239219307899475,0.6424217820167542
346,346,small sandwich,346,0.6621080636978149,0.6227877736091614
347,347,___ blizzard (dairy queen offering),347,0.518666684627533,0.5549086332321167
348,348,crumbly snack,348,0.5402469038963318,0.5585048794746399
349,349,it may get dipped in milk,349,0.5345326662063599,0.4557979106903076
350,350,snack item that's round on both ends?,350,0.5556818246841431,0.36429399251937866
351,351,cookie in cookies-and-cream ice cream,351,0.5132467150688171,0.5693983435630798
352,352,cookie with white filling,352,0.5117480754852295,0.5423330068588257
353,353,cookie that's often pulled apart,353,0.5533196330070496,0.7853041887283325
354,354,cookie with a creme filling,354,0.5265731811523438,0.7650007009506226
355,355,treat embossed with its name,355,0.6573539972305298,0.572401225566864
356,356,treat with a thins variety,356,0.44193941354751587,0.5900070667266846
357,357,cookie giant,357,0.4430404603481293,0.676201343536377
358,358,lunch box cookie,358,0.5816455483436584,0.6400589346885681
359,359,lunchbox snack,359,0.5362955927848816,0.8322082757949829
360,360,it's creamy in the middle,360,0.3041422665119171,0.5262967348098755
361,361,particular sandwich cookie,361,0.43738630414009094,0.46436500549316406
362,362,bicolor treat,362,0.638982892036438,0.7263157367706299
363,363,"brown bagger's dessert, perhaps",363,0.5276609063148499,0.5536547303199768
364,364,grade school snack,364,0.48797401785850525,0.6473990082740784
365,365,round sandwich cookie,365,0.41049978137016296,0.4091191291809082
366,366,uh-oh! cookie,366,0.4767068326473236,0.6249666213989258
367,367,sandwich-style dunker,367,0.5655272603034973,0.6013355255126953
368,368,"lunchbox snack, perhaps",368,0.6764671206474304,0.6439641118049622
369,369,"cookie jar denizen, often",369,0.47376328706741333,0.6911479234695435
370,370,"cookie jar denizen, perhaps",370,0.6108963489532471,0.8596490621566772
371,371,cream-filled treat,371,0.5325053930282593,0.6271221041679382
372,372,cookie treat,372,0.4881253242492676,0.558029055595398
373,373,layered cookie treat,373,0.457913339138031,0.591396152973175
374,374,snack with a creamy middle,374,0.5300823450088501,0.7411664724349976
375,375,"lunchbox cookie, sometimes",375,0.4817320704460144,0.5727037787437439
376,376,cookie jar denizen,376,0.36558011174201965,0.7796949148178101
377,377,type of cookie,377,0.27380093932151794,0.6361846923828125
378,378,three-tiered cookie,378,0.5700067281723022,0.8009226322174072
379,379,cookies and cream cookie,379,0.5576460957527161,0.5636029839515686
380,380,one twisted cookie?,380,0.4823511242866516,0.7615191340446472
381,381,cookie with flower designs,381,0.5478104948997498,0.7852026224136353
382,382,nabisco's answer to the hydrox,382,0.6641778349876404,0.546503484249115
383,383,cookie in dirt cake,383,0.5936599373817444,0.6083900332450867
384,384,often-dunked snack,384,0.48509296774864197,1.0
385,385,separable cookie,385,0.4696868658065796,0.6835606694221497
386,386,"new ""biscuit"" of 1912",386,0.5630460381507874,0.48948758840560913
387,387,two-tone sandwich,387,0.6711035966873169,0.5619958639144897
388,388,nutter butters' kin,388,0.5734261274337769,0.3910449743270874
389,389,lunchbox goodies,389,0.6825423836708069,0.6666532754898071
390,390,chocolate cookies,390,0.5351317524909973,0.6232249736785889
391,391,bi-colored cookies,391,0.41324901580810547,0.5956110954284668
392,392,bite-size sandwiches,392,0.7221999168395996,0.5140259861946106
393,393,black-and-white munchies,393,0.5123289227485657,0.27087074518203735
394,394,lunchbox snacks,394,0.5064820647239685,0.6519371271133423
395,395,chips ahoy alternative,395,0.4678681194782257,0.5698108077049255
396,396,snack items since 1912,396,0.5751661062240601,0.611291229724884
397,397,three-layered treats,397,0.5246396660804749,0.8913697004318237
398,398,double stuf products,398,0.6806687116622925,0.49480682611465454
399,399,snacks with milk,399,0.4774366617202759,0.5646256804466248
400,400,snack sensations since 1912,400,0.5632137060165405,0.6005414724349976
401,401,triple-tiered treats,401,0.4136509299278259,0.7454031705856323
402,402,dunkable treats,402,0.5042497515678406,0.7086285352706909
403,403,separable snacks,403,0.5000516176223755,0.7189566493034363
404,404,snacker's stack,404,0.47269517183303833,0.453848272562027
405,405,nabisco treats,405,0.5807915329933167,0.47200170159339905
406,406,double delight snacks,406,0.3637080192565918,0.5498450994491577
407,407,100-year-old treats,407,0.5229337811470032,0.7321857213973999
408,408,some mcflurry ingredients,408,0.5181244015693665,0.41906264424324036
409,409,cookies in some pie crusts,409,0.4376627206802368,0.5835837125778198
410,410,three-layer treats,410,0.48639976978302,0.7392184734344482
411,411,black and white nosh,411,0.46803390979766846,0.4875786602497101
412,412,best-selling cookies,412,0.4710904657840729,0.6625140309333801
413,413,certain ice-cream additives,413,0.5442982316017151,0.5785456299781799
414,414,"they're essential to a dairy queen ""blizzard""",414,0.6497973799705505,0.7224726676940918
415,415,triple-decker snacks,415,0.42644086480140686,0.8154624700546265
416,416,sandwiches that are often eaten open-faced?,416,0.534159243106842,0.6157661080360413
417,417,filled treats,417,0.519295334815979,0.6246079802513123
418,418,some black and white snacks,418,0.5870187282562256,0.7915219664573669
419,419,crunchy snacks,419,0.49392980337142944,0.7880550026893616
420,420,classic cookies,420,0.492321640253067,0.5935415029525757
421,421,some cookie favorites,421,0.3839469254016876,0.5860832333564758
422,422,sugary cookie snacks,422,0.4649786055088043,0.6246288418769836
423,423,triple-layer cookies,423,0.4758946895599365,0.6215687394142151
424,424,cookies with creme,424,0.5439068078994751,0.581868052482605
425,425,dunkable snacks,425,0.5077023506164551,0.6088711619377136
426,426,dunkin' cookies?,426,0.5277760028839111,0.6394085884094238
427,427,popular crossword cookie,427,0.49200111627578735,0.4985942244529724
428,428,branded treat in some ice creams,428,0.5340451598167419,0.7730711698532104
429,429,cookie shown with rainbow filling in ads on gay pride day,429,0.27937817573547363,0.7417067885398865
430,430,"cookie that now has a ""cookie dough"" flavor",430,0.40168634057044983,0.5918094515800476
431,431,cookies and cream ice cream cookie,431,0.5174553990364075,0.40267878770828247
432,432,sandwich creme,432,0.5508893728256226,0.4774761199951172
433,433,cookie classic,433,0.3809494078159332,0.5605763792991638
434,434,duotone cookie,434,0.36976954340934753,0.6235908269882202
435,435,something dunked,435,0.38543277978897095,0.41866278648376465
436,436,lunchbox stuffer since 1912,436,0.7792407274246216,0.580906867980957
437,437,cookie served deep-fried at state fairs,437,0.558629035949707,0.6179410219192505
438,438,nabisco product certified as kosher in 1998,438,0.5339187383651733,0.5296115279197693
439,439,junk-food sandwich,439,0.6105329394340515,0.5481950640678406
440,440,cookie with a candy corn variety,440,0.5416738390922546,0.7640775442123413
441,441,ingredient in several dairy queen blizzards,441,0.5013848543167114,0.553027331829071
442,442,chocolaty treat since 1912,442,0.5660725831985474,0.5881885886192322
443,443,cookie that reportedly is produced in 59 minutes,443,0.35220620036125183,0.47159290313720703
444,444,"cookie whose ""templar"" design elements have been debunked by snopescom",444,0.40166857838630676,0.7597020864486694
445,445,mystery ___ (october 2017 snack release),445,0.6831827163696289,0.7225290536880493
446,446,treat whose cherry cola version debuted in 2018,446,0.5743231773376465,0.7961992025375366
447,447,black-and white treat,447,0.5673530101776123,0.8779587149620056
448,448,hydrox clone,448,0.529055655002594,0.41457316279411316
449,449,kid'll eat the middle cookie,449,0.3736688792705536,0.4818382263183594
450,450,it's one twisted cookie,450,0.7336530685424805,0.5762962698936462
451,451,twisted snack?,451,0.5921324491500854,0.6108652949333191
452,452,a kid'll eat the middle of an ___ first,452,0.5397850871086121,0.6890987157821655
453,453,black and white biscuit,453,0.530371367931366,0.5225876569747925
454,454,creme-y snack,454,0.3524467945098877,0.5962575078010559
455,455,it often gets dunked,455,0.6239320635795593,0.4332921802997589
456,456,two-toned sandwich,456,0.5509806871414185,0.5677736401557922
457,457,90-year-old cookie,457,0.3828468322753906,0.6227721571922302
458,458,ice cream variety,458,0.5463718771934509,0.53607177734375
459,459,lunchbox sandwich?,459,0.5743141770362854,0.5805565714836121
460,460,snack that's been kosher since 1998,460,0.5235220193862915,0.5759530067443848
461,461,droxie lookalike,461,0.4628453254699707,0.5533404350280762
462,462,dunker's delight,462,0.44612520933151245,0.7135698795318604
463,463,nabisco buy,463,0.4825282692909241,0.5733097791671753
464,464,white and black snack,464,0.6469582319259644,0.7884484529495239
465,465,treat that is often taken apart,465,0.5163199305534363,0.7232763767242432
466,466,chocolate-creme cookie,466,0.47504550218582153,0.624954104423523
467,467,cookie frequently taken apart,467,0.5878199934959412,0.7062973976135254
468,468,cookie sold in a white fudge version in winter,468,0.516533613204956,0.5222516059875488
469,469,ingredient in edible dirt with worms,469,0.6577567458152771,0.7059425711631775
470,470,sandwich creme cookie,470,0.5526332259178162,0.45411020517349243
471,471,treat that comes apart,471,0.48556146025657654,0.6902238726615906
472,472,brown-and-white cookie,472,0.5334576368331909,0.5061135292053223
473,473,cookie on a domino's pizza,473,0.5051674842834473,0.5934838056564331
474,474,cookie that can be taken apart,474,0.48403260111808777,0.6784922480583191
475,475,double delight for cookie monster,475,0.5925974249839783,0.6000884771347046
476,476,each one has two colors and three layers,476,0.5358925461769104,0.3817312717437744
477,477,cookie for dunking,477,0.5207953453063965,0.7052816152572632
478,478,one topping for a domino's dessert pizza,478,0.558643639087677,0.42721402645111084
479,479,twisted cookie,479,0.3133612275123596,0.4326958954334259
480,480,after-school munchie,480,0.47536951303482056,0.6310847401618958
481,481,best-selling cookie in america,481,0.46729588508605957,0.5182210803031921
482,482,favorite snack in crosswords?,482,0.5133465528488159,0.7840914726257324
483,483,fun stix cookie brand,483,0.7482567429542542,0.7405508160591125
484,484,kraft foods cookie brand,484,0.8916707634925842,0.7066962718963623
485,485,snack whose ingredient list ends with chocolate,485,0.5720282793045044,0.6714884042739868
486,486,cookie that predates crosswords,486,0.3320919871330261,0.7433246374130249
487,487,filling snack?,487,0.47860094904899597,0.8521214127540588
488,488,satirical 1974 novel by fran ross that shares its name with a cookie,488,0.5272121429443359,0.6706160306930542
489,489,___ dessert pizza (domino's dish),489,0.6945892572402954,0.531330406665802
490,490,100 years young cookie,490,0.5286802053451538,0.761760950088501
491,491,blizzard variety,491,0.5911924242973328,0.7204716801643372
492,492,brand featured at nabiscoworldcom,492,0.7095386981964111,0.3973270058631897
493,493,brand with chocolate cookie outsides,493,0.8886009454727173,0.6215018033981323
494,494,cookie embossed with florets,494,0.4914266765117645,0.7674189805984497
495,495,"cookie sandwiched inside 17-, 24-, 42-, and 56-across",495,0.6646782755851746,0.56452476978302
496,496,cookie that celebrated its centennial this year,496,0.44150030612945557,0.6192821860313416
497,497,cookie whose embossed design is trademarked,497,0.4234335720539093,0.765690267086029
498,498,cookie with spring and winter varieties,498,0.4817411005496979,0.48973193764686584
499,499,dessert developed by nabisco in 1912,499,0.6583869457244873,0.4894375205039978
500,500,name on a cookie,500,0.5062296390533447,0.5388743281364441
501,501,stacked treat,501,0.5731285214424133,0.5843095183372498
502,502,sundae mix-in,502,0.5018449425697327,0.6249964237213135
503,503,"sweet, circular treat",503,0.3690972924232483,0.5533141493797302
504,504,"bicolor ""biscuit"" since 1912",504,0.5882923603057861,0.5565813779830933
505,505,blizzard choice at dairy queen,505,0.4467092752456665,0.43734079599380493
506,506,"cookie seen in ""wreck-it ralph""",506,0.6023698449134827,0.5736096501350403
507,507,cookie that received its kosher certification in late 1997,507,0.41125577688217163,0.6234473586082458
508,508,cookie that recently celebrated its centennial,508,0.607487142086029,0.5914089679718018
509,509,cookie with a name of unknown origin,509,0.3771567642688751,0.7800391912460327
510,510,crunchy sundae topping,510,0.5454431772232056,0.6077753901481628
511,511,"its slogan is ""milk's favorite cookie""",511,0.5832460522651672,0.602352499961853
512,512,longtime hydrox rival,512,0.5441542267799377,0.5924497842788696
513,513,top-selling cookie of the 20th century,513,0.5369299650192261,0.863755464553833
514,514,"addictive cookie, according to a 2013 study",514,0.5004916191101074,0.7931965589523315
515,515,it can make a cookie shake crunchy,515,0.34694796800613403,0.5967060923576355
516,516,sweet snack-time sandwich,516,0.7095330953598022,0.29126811027526855
517,517,tripartite treat,517,0.5300790667533875,0.6549487709999084
518,518,wonderfilled sweet treat,518,0.571929395198822,0.5844570398330688
519,519,black-and-white invention of 1912,519,0.5939602851867676,0.4649151861667633
520,520,blizzard option at dairy queen,520,0.5690276026725769,0.5224616527557373
521,521,cookie for which a block in manhattan is named,521,0.501585841178894,0.6770768165588379
522,522,cookie often served deep-fried at state fairs,522,0.49550750851631165,0.6311121582984924
523,523,cookie that was verified as kosher in 1997,523,0.5153601765632629,0.5668900012969971
524,524,cookie used in many desserts,524,0.5946171879768372,0.6088284254074097
525,525,crossword solver's favorite cookie?,525,0.7799648642539978,0.5877984762191772
526,526,snack with banana split and birthday cake varieties,526,0.4169555902481079,0.5898699164390564
527,527,traditional cookie in cookies 'n cream ice cream,527,0.5293310284614563,0.5893844962120056
528,528,treat often pulled apart,528,0.5356112122535706,0.6082625389099121
529,529,"cookie crumbled in a milkshake, often",529,0.5448285937309265,0.6106715202331543
530,530,stackable food,530,0.4658067226409912,0.47537076473236084
531,531,<<no clue>>,531,0.3714224398136139,0.5839864015579224
532,532,cookie that celebrated its centennial in 2012,532,0.48173442482948303,0.6492326855659485
533,533,lunch-box snack,533,0.4757559597492218,0.6835702061653137
534,534,cookie shelf favorite,534,0.4716898798942566,0.7766408324241638
535,535,hydrox cookie rival,535,0.4916002154350281,0.7190547585487366
536,536,milk dipper?,536,0.49263665080070496,0.44384968280792236
537,537,after-school sandwich,537,0.643027663230896,0.5719112157821655
538,538,it can be twisted apart,538,0.5413571000099182,0.6097432971000671
539,539,it may be licked,539,0.3874042332172394,0.542664647102356
540,540,lunch bag dessert,540,0.68349689245224,0.7522850036621094
541,541,cream-filled snack,541,0.4735478460788727,0.6084596514701843
542,542,crunchy cookie,542,0.3675087094306946,0.596204936504364
543,543,ice cream cone flavor,543,0.5647426247596741,0.6815313696861267
544,544,popular lunchbag item,544,0.695010781288147,0.5864461660385132
545,545,it was made kosher in 1998,545,0.4263922870159149,0.6733320355415344
546,546,lunchbag snack,546,0.466190367937088,0.6040211915969849
547,547,little dipper in a milky way?,547,0.5824166536331177,0.578189492225647
548,548,95-year-old cookie,548,0.5700002908706665,0.7643198370933533
549,549,cookie that can be divided,549,0.4343227446079254,0.6601544618606567
550,550,lunch munchie,550,0.5748148560523987,0.5837089419364929
551,551,lunchtime snack,551,0.429100900888443,0.8299543261528015
552,552,treat with creme,552,0.5420238375663757,0.5949862003326416
553,553,lunch bag treat,553,0.527457594871521,0.674348771572113
554,554,cookie-based jell-o pudding flavor,554,0.420923113822937,0.6881157159805298
555,555,its parts may be eaten separately,555,0.37122634053230286,0.5833097696304321
556,556,nabisco chocolate-and-creme cookie,556,0.6178525686264038,0.5273137092590332
557,557,its creme may be eaten first,557,0.5503436326980591,0.6265116930007935
558,558,one may be dipped in milk,558,0.22693303227424622,0.40852758288383484
559,559,cookie that might flavor a mcflurry,559,0.4833848476409912,0.46486350893974304
560,560,"food associated with the starts of 16-, 36- and 56-across",560,0.6369711756706238,0.6193753480911255
561,561,ice cream-and-cookies brand,561,0.5517293810844421,0.6198177337646484
562,562,snack with a removable top,562,0.5272262096405029,0.7665212750434875
563,563,after-school cookie,563,0.4947699308395386,0.7087236046791077
564,564,cookie used in milkshakes,564,0.6731927394866943,0.6702147722244263
565,565,one dunked after school,565,0.6719198822975159,0.6493314504623413
566,566,"brand with a ""twist, lick, dunk"" app",566,0.8389692306518555,0.5595527291297913
567,567,dipped cookie,567,0.37477582693099976,0.6810015439987183
568,568,popular dunker,568,0.4651278555393219,0.4855160117149353
569,569,pulled-apart cookie,569,0.46664729714393616,0.7047006487846375
570,570,snack brand with a 2012 centennial,570,0.7893518805503845,0.7084720730781555
571,571,versatile cookie,571,0.4095139503479004,0.6626436710357666
572,572,cookies n' creme cookie maker,572,0.41724568605422974,0.6594451665878296
573,573,dunked cookie,573,0.41052350401878357,0.7652016282081604
574,574,mcflurry option,574,0.551572859287262,0.3572537899017334
575,575,snack that's been a kosher food since 1998,575,0.5617426633834839,0.672069251537323
576,576,__ balls: chocolaty snacks,576,0.511939525604248,0.7502442598342896
577,577,cookie that has its own day every march 6,577,0.6653332114219666,0.6501901149749756
578,578,snack sometimes fried,578,0.431351900100708,0.701471209526062
579,579,snack with a white center,579,0.4854058027267456,0.7240049242973328
580,580,three-ply cookie,580,0.4040825664997101,0.6365860104560852
581,581,treat often split,581,0.5066671967506409,0.6801023483276367
582,582,__ cookies 'n creme: jell-o flavor,582,0.5692793130874634,0.6660533547401428
583,583,cookie with a limited-edition swedish fish variety,583,0.4990463852882385,0.5361388325691223
584,584,dairy queen blizzard flavor,584,0.5581153035163879,0.6034045815467834
585,585,dunked snack,585,0.5052026510238647,0.8228664398193359
586,586,one may be crumbled on a sundae,586,0.36210939288139343,0.4469011723995209
587,587,"__ biscuit, product debut of 1912",587,0.5923845767974854,0.5263006687164307
588,588,apt name for a tuxedo cat,588,0.3527180552482605,0.7381821274757385
589,589,nabisco bite,589,0.7986099720001221,0.5695940256118774
590,590,stale cookie in crosswords?,590,0.7457375526428223,0.711260199546814
591,591,two-toned snack,591,0.6411175727844238,0.8855859637260437
592,592,big name in the cookie aisle,592,0.5135826468467712,0.8039964437484741
593,593,cookie in some breyers cookies & cream,593,0.5552394390106201,0.5432271361351013
594,594,crumbled sundae-topping cookie,594,0.47143954038619995,0.5202632546424866
595,595,dq blizzard flavor,595,0.5519256591796875,0.6310132741928101
596,596,good name for a tuxedo cat,596,0.6235492825508118,0.6349413394927979
597,597,"it was originally called a ""biscuit""",597,0.5528352856636047,0.5267478227615356
598,598,layered nabisco treat,598,0.6172818541526794,0.5148377418518066
599,599,cookie with a red velvet variety,599,0.542353630065918,0.44395750761032104
600,600,cookie with a tiramisu flavor creme variety,600,0.5090339183807373,0.344990998506546
601,601,crumbled sundae topper,601,0.651966392993927,0.4948787987232208
602,602,it was inspired by sunshine hydrox cookies,602,0.3945575952529907,0.5842624306678772
603,603,mega stuf cookie,603,0.5316921472549438,0.7333366870880127
604,604,snack with a green tea version in china and japan,604,0.35874661803245544,0.6390694975852966
605,605,chocolate sandwich cookie,605,0.5011141300201416,0.46943262219429016
606,606,droxies competitor,606,0.5305677056312561,0.46996718645095825
607,607,tasty snack,607,0.3606732487678528,0.8560657501220703
608,608,dunkiest treat,608,0.5860403180122375,0.6236395239830017
609,609,bestselling snack,609,0.441414475440979,0.6468151211738586
610,610,three-ply treat,610,0.4853018820285797,0.710600733757019
611,611,wafers-and-creme cookie,611,0.4915310740470886,0.5971649289131165
612,612,cookie first made in manhattan,612,0.5311226844787598,0.7313259840011597
613,613,cookie-aisle name,613,0.3538115322589874,0.6371783018112183
614,614,mint-flavored snack,614,0.5329826474189758,0.5821162462234497
615,615,cookie of note,615,0.4259452819824219,0.6394665241241455
616,616,lunchbox sweet,616,0.6360913515090942,0.6392945647239685
617,617,nabisco name,617,0.5468040108680725,0.5458556413650513
618,618,"snacker's ""sandwich""",618,0.5862125754356384,0.612301766872406
619,619,"cookie with a 1 3/4"" diameter",619,0.6053823828697205,0.8308236002922058
620,620,snack introduced in 1912,620,0.33085858821868896,0.612943172454834
621,621,domino's __ dessert pizza,621,0.5064100623130798,0.5225868821144104
622,622,edible disk,622,0.5043737292289734,0.5827121734619141
623,623,ice-cream additive,623,0.6443058848381042,0.750199556350708
624,624,milk partner,624,0.44357141852378845,0.5933637022972107
625,625,"ice-cream ingredient, maybe",625,0.5317503213882446,0.6448122262954712
626,626,it was once made with lemon meringue,626,0.5980831384658813,0.5861160159111023
627,627,milk-and-cookies choice,627,0.7516680359840393,0.7169073820114136
628,628,one of a half-trillion sold since 1912,628,0.6831223368644714,0.5455817580223083
629,629,"ice-cream extra, at times",629,0.7043644785881042,0.5463345050811768
630,630,world's best-selling cookie,630,0.6057831048965454,0.5870480537414551
631,631,"cookies & cream ingredient, maybe",631,0.5897403359413147,0.5996173620223999
632,632,ice-cream flavor,632,0.7133452296257019,0.5328739881515503
633,633,popular ice-cream ingredient,633,0.5448154211044312,0.5413249731063843
634,634,twisted-apart treat,634,0.515342116355896,0.6721236705780029
635,635,cookie first sold in 1912,635,0.5724201798439026,0.34719645977020264
636,636,cookie found in ice cream,636,0.0,0.5359383225440979
637,637,crumbled ice-cream additive,637,0.5397717356681824,0.498139888048172
638,638,crunchy ice-cream topping,638,0.4816973805427551,0.5009154677391052
639,639,crushed sundae topping,639,0.5107386112213135,0.6228883266448975
640,640,domino's topping introduced in '07,640,0.589137852191925,0.6016832590103149
641,641,wonderfilled sweet,641,0.5101501941680908,0.4341621994972229
642,642,8 down cookies 'n creme ingredient,642,0.5479573607444763,0.7009677886962891
643,643,brownie brand,643,0.8552359342575073,0.6251316070556641
644,644,crunchy ice-cream addition,644,0.3049761652946472,0.5435885190963745
645,645,double stuf brand,645,0.6337217688560486,0.4836406707763672
646,646,jell-o pudding flavoring,646,0.5301923155784607,0.41606301069259644
647,647,mini found in snak-saks,647,0.5345223546028137,0.6209259629249573
648,648,sandwich cookie brand,648,0.6100313663482666,0.7816405892372131
649,649,"small, round sandwich",649,0.5788002014160156,0.5793222784996033
650,650,snack brand that turned 100 in 2012,650,0.8738059401512146,0.6416762471199036
651,651,white-centered treat,651,0.5748178958892822,0.46985962986946106
652,652,grab 'em pop 'em love 'em brand of minis,652,0.67984539270401,0.7526845932006836
653,653,the world's favorite cookie,653,0.7058694958686829,0.5903794169425964
654,654,best-selling sandwich cookie,654,0.6121472120285034,0.45977526903152466
655,655,big nabisco brand,655,0.5284789800643921,0.5407410264015198
656,656,crunch parfait ingredient,656,0.509540855884552,0.7334707975387573
657,657,handi-snacks brand,657,0.4546518623828888,0.8152247667312622
658,658,its spring edition has yellow filling,658,0.5723486542701721,0.5298985242843628
659,659,its limited editions have included watermelon and gingerbread,659,0.5482733249664307,0.4868818521499634
660,660,"snack in a new ""thin"" version",660,0.533543586730957,0.7495645880699158
661,661,snack often twisted,661,0.48775598406791687,0.7805598974227905
662,662,snackworkscom brand,662,0.6855164766311646,0.5566753149032593
663,663,popular nabisco cookie,663,0.7018845081329346,0.34948721528053284
664,664,round snack,664,0.48895788192749023,0.6060315370559692
665,665,brownie alternative,665,0.56634122133255,0.4132259786128998
666,666,double delight treat,666,0.49470216035842896,0.5938965082168579
667,667,it might be worth a fig newton in a cafeteria trade,667,0.7011732459068298,0.6363270282745361
668,668,kraft foods brand,668,0.6036854386329651,0.7159451842308044
669,669,lunchbox sandwich,669,0.5701537728309631,0.4794645309448242
670,670,snack time treat,670,0.4222508370876312,0.6275980472564697
671,671,uh-oh! ___ (chocolate creme cookie),671,0.533123254776001,0.7717037796974182
672,672,a kid'll eat the middle of it first,672,0.423330157995224,0.6057255864143372
673,673,cookie barz brand,673,0.6540755033493042,0.5827614665031433
674,674,halloween ___ (cookie with orange creme),674,0.5458999276161194,0.8069291710853577
675,675,mint 'n creme cookie,675,0.5022639632225037,0.3805237114429474
676,676,national biscuit company creation of 1912,676,0.6136695146560669,0.5997313857078552
677,677,snack that can be twisted open,677,0.2781403958797455,0.7606306672096252
678,678,___ matchin' middles (fisher-price game),678,0.5310583114624023,0.5028403997421265
679,679,"after-school treat, maybe",679,0.4191901981830597,0.7455530166625977
680,680,blizzard flavor at dairy queen,680,0.536788821220398,0.47575265169143677
681,681,brand of piecrust,681,0.6836808919906616,0.5934772491455078
682,682,flavor of a mcdonald's mcflurry,682,0.33042094111442566,0.6058951616287231
683,683,ice cream sandwich brand,683,0.6732282042503357,0.6548185348510742
684,684,its ingredient list starts with sugar and ends with chocolate,684,0.6498534083366394,0.7226862907409668
685,685,lickable snack,685,0.5292522311210632,0.5686125755310059
686,686,newton alternative,686,0.5996569991111755,0.4588375389575958
687,687,the first one was made at what is now chelsea market,687,0.5026482939720154,0.34887832403182983
688,688,brand of chocolate cones,688,0.7695594429969788,0.44022098183631897
689,689,brand since 1912,689,0.6203807592391968,0.6596077680587769
690,690,cookie that's been kosher since 5758,690,0.7473982572555542,0.6000185608863831
691,691,lunchables treat,691,0.509087860584259,0.5858079195022583
692,692,makeshift beach blanket othello piece?,692,0.5240163803100586,0.4930530786514282
693,693,mallomar alternative,693,0.45844289660453796,0.5446922779083252
694,694,newman-o lookalike,694,0.6033470034599304,0.46095937490463257
695,695,see 23-across,695,0.4061407148838043,0.4981098175048828
696,696,sponsor of nascar's meijer 300 race,696,0.5189530253410339,0.9030101895332336
697,697,___ dunkers (oblong cookies),697,0.5405760407447815,0.7120820879936218
698,698,___ freeze (drink at friendly's),698,0.47241151332855225,0.47972506284713745
699,699,___ o's (chocolaty cereal),699,0.5856483578681946,0.6951552629470825
700,700,___ thin crisps (nabisco product),700,0.5541164875030518,0.5246716141700745
701,701,"dark, delicious cookie of ad jingle fame",701,0.4339503049850464,0.6415868997573853
702,702,___ cookie blues (lonnie mack song),702,0.3478906750679016,0.629040539264679
703,703,brand on nabiscoworldcom,703,0.6463429927825928,0.4847716987133026
704,704,breyers ice cream flavor,704,0.7252245545387268,0.8233880400657654
705,705,dessert pizza topping at domino's,705,0.5104890465736389,0.4786956310272217
706,706,"source of the title material in ""weird al"" yankovic's ""the white stuff""",706,0.482643723487854,0.7682183384895325
707,707,___ cakesters (snack brand),707,0.5747658014297485,0.6930585503578186
708,708,the nabisco logo is imprinted on it,708,0.5777606964111328,0.5672268867492676
709,709,twistable dessert,709,0.6588516235351562,0.3925356864929199
710,710,___ fun barbie (1997 doll),710,0.5815001726150513,0.61947101354599
711,711,mountainous cookie?,711,0.4471420645713806,0.6334765553474426
712,712,cream-filled sandwich,712,0.6396120190620422,0.5618333220481873
713,713,fig newton rival,713,0.4167952239513397,0.5990679860115051
714,714,item dunked in milk,714,0.5316210389137268,0.34344619512557983
715,715,triple-layer treat,715,0.41150879859924316,0.5493566989898682
716,716,it often gets a lick,716,0.5986105799674988,0.6903902292251587
717,717,it's a cookie,717,0.5095992684364319,0.6086956858634949
718,718,chocolate snack,718,0.4920301139354706,0.6541324257850647
719,719,nabisco sweet,719,0.5137894749641418,0.5606698989868164
720,720,it's dipped in milk,720,0.5781947374343872,0.5795528888702393
721,721,it may be double-stuffed,721,0.5152299404144287,0.5050757527351379
722,722,"it's ""sandwiched"" in 17-, 23-, 35-, 45- and 56-across",722,0.5306054949760437,0.6014139652252197
723,723,sometimes-twisted snack,723,0.3774842917919159,0.5252177715301514
724,724,often-twisted treat,724,0.5106450319290161,0.6655095815658569
725,725,round of snacking?,725,0.7379127144813538,0.6745666265487671
726,726,"it has a 1 3/4"" diameter",726,0.5384809970855713,0.4670104682445526
727,727,snack favorite,727,0.3389711081981659,0.6371725797653198
728,728,something often twisted apart,728,0.6175320744514465,0.6219981908798218
729,729,cookie that has its name on it,729,0.3336122930049896,0.454415500164032
730,730,filled treat,730,0.5031459927558899,0.5843968987464905
731,731,it may be dunked,731,0.4924730360507965,0.5457768440246582
732,732,cookie with creme inside,732,0.5490628480911255,0.7427405118942261
733,733,food item whose name appears on its side,733,0.34211280941963196,0.5893296003341675
734,734,name on a wafer,734,0.6875470876693726,0.5598667860031128
735,735,snack sold in a stack,735,0.5394788980484009,0.5327187776565552
736,736,wafers-and-creme treat,736,0.5583240985870361,0.5806276202201843
737,737,ingredient in cookies 'n cream ice cream,737,0.6532562375068665,0.5613593459129333
738,738,some twist it before eating,738,0.46596798300743103,0.7228100299835205
739,739,got milk? ad partner,739,0.23649707436561584,0.568865180015564
740,740,splittable cookie,740,0.5736511945724487,0.6411052346229553
741,741,"hydrox rival, once",741,0.6704447865486145,0.56918865442276
742,742,snack with a cream center,742,0.5026566982269287,0.6281782388687134
743,743,after-lunch bite,743,0.4313584566116333,0.623863160610199
744,744,it may get a licking after lunch,744,0.5296008586883545,0.6199115514755249
745,745,treat that's sometimes dunked,745,0.5030327439308167,0.420169472694397
746,746,"milk's favorite cookie, in commercials",746,0.560259997844696,0.6544901728630066
747,747,cookie sold in a blue package,747,0.3983669877052307,0.7150471806526184
748,748,cookie with a filling,748,0.44070255756378174,0.5765095353126526
749,749,kind of mud pie,749,0.309635728597641,0.5992383360862732
750,750,lunchbox dessert item,750,0.22885870933532715,0.6130036115646362
751,751,it has 12 flowers on each side,751,0.40409401059150696,0.5977830290794373
752,752,"it's 71% cookie, 29% creme",752,0.5663121342658997,0.6895626187324524
753,753,"mousse pie ingredient, maybe",753,0.6467326283454895,0.6181683540344238
754,754,snack with a floral design,754,0.476315975189209,0.6555012464523315
755,755,treat in a blue wrapper,755,0.5359901785850525,0.7130592465400696
756,756,uh-oh! ___ (nabisco product),756,0.7715762853622437,0.5251254439353943
757,757,___ cakesters (nabisco offering),757,0.827502965927124,0.5524827241897583
758,758,cookie first baked in manhattan's chelsea district,758,0.8166130781173706,0.6160972714424133
759,759,"item in a ""lick race""",759,0.5089006423950195,0.5483686327934265
760,760,kind of pie or cake,760,0.5309303998947144,0.5866894125938416
761,761,cookie celebrating its centennial in 2012,761,0.542323887348175,0.5175984501838684
762,762,cookie that can be readily stacked,762,0.31875893473625183,0.762519121170044
763,763,"crumbled ingredient in ""dirt pudding""",763,0.5246002674102783,0.4457557201385498
764,764,sandwich often given a twist,764,0.561366081237793,0.5790789127349854
765,765,snack with a double stuf variety,765,0.4852210581302643,0.5847393870353699
766,766,___ balls (chocolaty snacks),766,0.48467889428138733,0.7314232587814331
767,767,___ biscuit (1912 debut),767,0.6823874711990356,0.4888696074485779
768,768,"brand with a ""wonderfilled"" ad campaign",768,0.6261301636695862,0.64182448387146
769,769,chocolaty nibble,769,0.5170424580574036,0.5997254848480225
770,770,cookie ingredient in dirt cake,770,0.32122117280960083,0.5581465363502502
771,771,cookie involved in a licking race,771,0.2931893765926361,0.6365813612937927
772,772,cookie sometimes dunked in milk,772,0.6977910995483398,0.6028908491134644
773,773,cookie that's kosher,773,0.4876372218132019,0.596226155757904
774,774,traditional ingredient in cookies and cream ice cream,774,0.5876927375793457,0.5684008598327637
775,775,___ cheesecake (black-and-white dessert),775,0.49955180287361145,0.49626216292381287
776,776,bicolor snack,776,0.5030709505081177,0.725075900554657
777,777,cookie that outcompeted hydrox,777,0.31949707865715027,0.7917431592941284
778,778,cookie with a chocolaty outside,778,0.3812023997306824,0.8251163959503174
779,779,non-fruit smoothie flavor,779,0.52619868516922,0.43530526757240295
780,780,product first released by the national biscuit company in 1912,780,0.46943244338035583,0.5023492574691772
781,781,stackable dessert item,781,0.7346789240837097,0.4942023754119873
782,782,"twist, lick, dunk cookie",782,0.5333139300346375,0.6177985668182373
783,783,"black-and-white, in sneaker lingo",783,0.5342769622802734,0.2609438896179199
784,784,"brand touted as ""milk's favorite cookie""",784,0.6766588091850281,0.6148928999900818
785,785,chocolaty goodie,785,0.5212797522544861,0.6455910801887512
786,786,cookie that started as a hydrox knockoff,786,0.3803299069404602,0.7134448885917664
787,787,"dessert item that was clued as ""mountain: comb form"" in old crosswords",787,0.5517683625221252,0.6179112792015076
788,788,food brand since 1912,788,0.7453495264053345,0.6810929775238037
789,789,treat since 1912,789,0.5242658257484436,0.5871209502220154
790,790,creme sandwich introduced over a century ago,790,0.5709056258201599,0.48060229420661926
791,791,"brand name after ""oh! oh!,"" in old ads",791,0.8381771445274353,0.5497733950614929
792,792,certain fro-yo add-in,792,0.4940018951892853,0.5551486611366272
793,793,cookie that may be dipped in milk,793,0.7137038111686707,0.5913486480712891
794,794,crumbled froyo topping,794,0.41981399059295654,0.6002810597419739
795,795,it's 29% cream,795,0.5007167458534241,0.5139220356941223
796,796,its filling contained lard until 1997,796,0.5893647074699402,0.49143508076667786
797,797,nabisco brand since 1912,797,0.6418335437774658,0.4655362665653229
798,798,nabisco's answer to hydrox,798,0.6465741395950317,0.5425399541854858
799,799,snack you might bite or lick,799,0.5112344026565552,0.627775251865387
800,800,___ o's (chocolaty cereal brand),800,0.6141576170921326,0.599894106388092
801,801,frozen yogurt mix-in,801,0.6393917798995972,0.523638129234314
802,802,nabisco snack since 1912,802,0.6139662861824036,0.531891405582428
803,803,sister brand of nilla wafers,803,0.6843782067298889,0.47222650051116943
804,804,snack that's often pulled apart,804,0.4389573335647583,0.6006412506103516
805,805,black-and-white nabisco cookie,805,0.6184414625167847,0.47734561562538147
806,806,black-and-white item you can consume whole,806,0.4113393723964691,0.34514179825782776
807,807,cookie that's 29% cream,807,0.5296550393104553,0.598168671131134
808,808,froyo mix-in,808,0.6657702326774597,0.6696714758872986
809,809,most common commercial name in new york times crosswords,809,0.31734055280685425,0.5757911205291748
810,810,product with a milk splash on its packaging,810,0.18942567706108093,0.5627859234809875
811,811,"snack item once advertised as ""wonderfilled""",811,0.5027692914009094,0.47599896788597107
812,812,treat with the identical color scheme as this puzzle,812,0.5740340948104858,0.6108533143997192
813,813,___ o's (breakfast cereal),813,0.23355989158153534,0.8560595512390137
814,814,___ thins (cookies),814,0.4684283137321472,0.49269506335258484
815,815,black pie crust component,815,0.5345872640609741,0.46571826934814453
816,816,golden ___ (vanilla-flavored snack),816,0.40933820605278015,0.6304728984832764
817,817,popular name for a black-and-white pet,817,0.5111443400382996,0.7017044425010681
818,818,cakesters flavor,818,0.5744214653968811,0.6399420499801636
819,819,sponsor of the double stuf racing league,819,0.5528767704963684,0.6068955659866333
820,820,twisted delight?,820,0.6546868681907654,0.5927965641021729
821,821,cookie whose name is also a racial slur,821,0.419425904750824,0.6137424111366272
822,822,cookie similar to hydrox,822,0.5074189305305481,0.6444082856178284
823,823,cookie used in some klondike bars,823,0.4744519591331482,0.6332994103431702
824,824,name for a black and white dog,824,0.777545690536499,0.6086892485618591
825,825,___ frosty parfait (wendy's dessert),825,0.5706796646118164,0.2505342960357666
826,826,doubly unhealthy deep-fried snack,826,0.5067350268363953,0.6760499477386475
827,827,nabisco nugget,827,0.5461003184318542,0.5446702837944031
828,828,food with its name imprinted on it,828,0.5047692060470581,0.3837752342224121
829,829,food often disassembled before consumption,829,0.5248489379882812,0.6202648878097534
830,830,food often twisted apart before consumption,830,0.5415739417076111,0.6318466067314148
831,831,food that became kosher in 1998,831,0.5203046202659607,0.6524016261100769
832,832,nabisco has introduced a bite-sized one,832,0.5389814376831055,0.48156997561454773
833,833,biscuit treat introduced in 1912,833,0.6497564911842346,0.5160109400749207
834,834,cookie made famous by crosswords,834,0.4970507323741913,0.6306571960449219
835,835,cookie snack since 1912,835,0.4301955997943878,0.5538131594657898
836,836,"milk dipper, for some",836,0.4686783254146576,0.5032235980033875
837,837,twist-off cookie,837,0.5936189889907837,0.7736489176750183
838,838,a kid will eat the middle of this first,838,0.5301918983459473,0.47033432126045227
839,839,a kid'll eat the middle first,839,0.49040284752845764,0.5080503821372986
840,840,lunchbox favorite,840,0.4511951506137848,0.5792573690414429
841,841,lunchbox goodie,841,0.6057491302490234,0.5353559851646423
842,842,sandwich that won't make a lunch,842,0.6896834969520569,0.6019713282585144
843,843,treat for cookie monster?,843,0.5313141942024231,0.6082152724266052
844,844,cookie bestseller,844,0.5436438918113708,0.6658445596694946
845,845,"lunch box addition, perhaps",845,0.5509967803955078,0.5408552289009094
846,846,top-selling us cookie,846,0.3978002667427063,0.7541264891624451
847,847,snack food,847,0.4576825499534607,0.5094910264015198
848,848,separable snack,848,0.4123128056526184,0.6279729604721069
849,849,"lunchbox cookie, perhaps",849,0.5079648494720459,0.5878022909164429
850,850,twist-off snack,850,0.39608076214790344,0.5065827965736389
851,851,cookie for 95 years,851,0.42344579100608826,0.6245037913322449
852,852,it has a cream center,852,0.5318141579627991,0.7799739837646484
853,853,oft-twisted snack,853,0.5087793469429016,0.6348444819450378
854,854,popular milk dunkee,854,0.30660298466682434,0.49491026997566223
855,855,"cookie monster treat, maybe",855,0.40797367691993713,0.6127051115036011
856,856,creme-centered snack,856,0.5829624533653259,0.5348232388496399
857,857,snack with a floral design on it,857,0.3864206373691559,0.7061497569084167
858,858,twist-apart snack,858,0.4210115969181061,0.4436390697956085
859,859,"ice cream topping, sometimes",859,0.6727714538574219,0.5733748078346252
860,860,twisting dessert,860,0.5468831658363342,0.3541640043258667
861,861,two-colored cookie,861,0.6107906699180603,0.7815753221511841
862,862,two-toned cookie treat,862,0.46439796686172485,0.6263232231140137
863,863,cookie that many take apart,863,0.4667563736438751,0.692260205745697
864,864,treat introduced in 1912,864,0.5141539573669434,0.5895786285400391
865,865,two-tone sandwich cookie,865,0.45594945549964905,0.4678981900215149
866,866,black and white snack since 1912,866,0.5566737651824951,0.6263725757598877
867,867,certain cookie with a filling,867,0.5677949786186218,0.6505115628242493
868,868,cookie celebrating 100 years,868,0.4032702147960663,0.7433385848999023
869,869,cookie found in many crosswords,869,0.3790355920791626,0.7100780606269836
870,870,"cookie in ice cream, often",870,0.8381403684616089,0.5133969783782959
871,871,cookie that often appears in crosswords,871,0.29058757424354553,0.771793782711029
872,872,cookie that's been around for a century,872,0.5185015201568604,0.5821346640586853
873,873,cookie with two colors and three layers,873,0.5062850117683411,0.7773277163505554
874,874,hugely popular cookie,874,0.4403471350669861,0.8172698020935059
875,875,lunch box dessert item,875,0.42243415117263794,0.7221608757972717
876,876,nabisco's bestseller,876,0.18213093280792236,0.5599067211151123
877,877,sandwich without meat or cheese,877,0.6151890754699707,0.4398477077484131
878,878,tri-level cookie,878,0.4006936550140381,0.6224762797355652
879,879,double stuf cookie,879,0.4052239656448364,0.6002889275550842
880,880,black and white dunker,880,0.6883527636528015,0.4830627739429474
881,881,"cookie on a sundae, perhaps",881,0.38784193992614746,0.6160807013511658
882,882,cookie with only one consonant,882,0.4319661855697632,0.8695756196975708
883,883,nabisco moneymaker,883,0.5590156316757202,0.4762565493583679
884,884,post-sandwich sandwich cookie,884,0.4118962585926056,0.39607810974121094
885,885,snack-aisle fixture,885,0.3716340959072113,0.6225073337554932
886,886,twistable cookie treat,886,0.43633246421813965,0.5837990641593933
887,887,black-and-white dunker,887,0.45453086495399475,0.4884776771068573
888,888,"cookie atop a sundae, sometimes",888,0.4988483488559723,0.7696446776390076
889,889,"cookie jar denizen, sometimes",889,0.36717280745506287,0.5936234593391418
890,890,cookie that's loaded with vowels,890,0.7594172954559326,0.6160151958465576
891,891,"doublestuf, eg",891,0.5174567699432373,0.5672950744628906
892,892,snack with white filling,892,0.4949970543384552,0.4972192049026489
893,893,black-and-white sandwich cookie,893,0.45241472125053406,0.521362841129303
894,894,common cookie type,894,0.3068748414516449,0.6021597981452942
895,895,cookie that can be disassembled,895,0.5182917714118958,0.661294162273407
896,896,popular chocolate cookie,896,0.48849397897720337,0.47848889231681824
897,897,certain cookie brand,897,0.5516105890274048,0.8370403051376343
898,898,chocolate cookie brand,898,0.5822373032569885,0.5514727234840393
899,899,cookie from nabisco,899,0.5125375986099243,0.3419376015663147
900,900,cookie with more vowels than consonants,900,0.6426101922988892,0.45302698016166687
901,901,cookie with three layers,901,0.49853312969207764,0.8444529175758362
902,902,cookie with three vowels,902,0.29008176922798157,0.5588825345039368
903,903,cookie you may twist apart,903,0.4774368703365326,0.7023392915725708
904,904,three-layered cookie,904,0.47372138500213623,0.6670217514038086
905,905,chocolate nosh,905,0.4412771463394165,0.5974374413490295
906,906,particular cream cookie,906,0.3848067820072174,0.7470521926879883
907,907,three-voweled snack,907,0.350326269865036,0.6259349584579468
908,908,"cookie filled with ""stuf""",908,0.5388438701629639,0.6393046975135803
909,909,cookie in some sundaes,909,0.40384724736213684,0.6287866830825806
910,910,cookie on a sundae,910,0.5679187774658203,0.5933682918548584
911,911,cookie shaped like its first or last letter,911,0.36949557065963745,0.7701192498207092
912,912,cookie with a chocolate peanut butter pie flavor,912,0.48358407616615295,0.44861531257629395
913,913,cookie with a golden variety,913,0.516728401184082,0.6561292409896851
914,914,cookie with crossword colors,914,0.3014298379421234,0.5999047756195068
915,915,cookie with many limited edition flavors,915,0.48912593722343445,0.9090655446052551
916,916,crumbled sundae topping,916,0.459894597530365,0.6431719660758972
917,917,fried cookie at a fair,917,0.6879257559776306,0.646166205406189
918,918,shake cookie,918,0.5133895874023438,0.6034453511238098
919,919,sister brand of chips ahoy!,919,0.5153868794441223,0.5673124194145203
920,920,___ o's (black-and-white cereal),920,0.30747857689857483,0.5005670785903931
921,921,a child may dunk one in milk,921,0.32356104254722595,0.507962703704834
922,922,cheesecake variety,922,0.5312854647636414,0.6916114091873169
923,923,cookie introduced after hydrox,923,0.4750058054924011,0.7318909764289856
924,924,cookie that went kosher in 1997,924,0.6073634624481201,0.6562209725379944
925,925,cookie with an annual mystery flavor,925,0.48754817247390747,0.5883182287216187
926,926,its 2019 mystery flavor was churro,926,0.34871748089790344,0.49965253472328186
927,927,most stuf cookie,927,0.37752753496170044,0.5572327971458435
928,928,seller of a double stuf cookie pillow,928,0.6122398972511292,0.685327410697937
929,929,___ o's (cookie-flavored cereal),929,0.6363195776939392,0.5981788039207458
930,930,breeze: sp,930,0.5343897342681885,0.4697723090648651
931,931,layer cookie,931,0.6031900644302368,0.5217134356498718
932,932,lunch box snack,932,0.598009467124939,0.6649718284606934
933,933,kind of cookie,933,0.3533235788345337,0.6356945633888245
934,934,favorite cookie,934,0.5778329372406006,0.6372052431106567
935,935,cream-filled delight,935,0.4787074327468872,0.8178036212921143
936,936,lunch box treat since 1912,936,0.6606556177139282,0.583507776260376
937,937,brown bagger's dessert,937,0.6045129895210266,0.5514813661575317
938,938,round-on-both-sides snack,938,0.5081726908683777,0.744339644908905
939,939,popular treat since 1912,939,0.5372687578201294,0.5999720096588135
940,940,classic treat,940,0.5307155251502991,0.5928573608398438
941,941,"cookie jar denizen, maybe",941,0.46938443183898926,0.7587267756462097
942,942,cookie often eaten inside out,942,0.37682998180389404,0.7188951969146729
943,943,cookies 'n' cream component,943,0.6150937676429749,0.6194643378257751
944,944,creamy cookie,944,0.5578597784042358,0.6398376226425171
945,945,nabisco best seller,945,0.8566264510154724,0.5525299906730652
946,946,store-bought cookie,946,0.5316236615180969,0.6669158339500427
947,947,bicolored snack,947,0.4829714596271515,0.6116774678230286
948,948,black and white goodie,948,0.6546545624732971,0.3014640808105469
949,949,round treat,949,0.5935103297233582,0.604329526424408
950,950,snack that may be twisted apart,950,0.42575445771217346,0.5653353929519653
951,951,creamy nibble,951,0.49858078360557556,0.6144759058952332
952,952,ubiquitous crossword cookie,952,0.5920522212982178,0.7517284154891968
953,953,cookie often pulled apart,953,0.5943663120269775,0.8902896642684937
954,954,ubiquitous cookie,954,0.492940217256546,0.728243887424469
955,955,blue-packaged cookie,955,0.4021781384944916,0.6239492297172546
956,956,"cookie jar item, perhaps",956,0.3859214782714844,0.5773992538452148
957,957,cookie nearing 100,957,0.4740630090236664,0.8334133625030518
958,958,cream cookie,958,0.35752788186073303,0.08049750328063965
959,959,dunkable delectable,959,0.511573314666748,0.6173364520072937
960,960,item often dunked in milk,960,0.30497878789901733,0.5131077766418457
961,961,thing often eaten open-faced,961,0.5859587788581848,0.4737052917480469
962,962,treat that can be pulled apart,962,0.5168384313583374,0.37313327193260193
963,963,you might unscrew it to eat it,963,0.5817411541938782,0.6055263876914978
964,964,after-lunch sandwich?,964,0.6441078782081604,0.5698484182357788
965,965,classic nabisco cookie,965,0.5125953555107117,0.6537204384803772
966,966,crossword constructor's favorite cookie,966,0.5403204560279846,0.6261425018310547
967,967,cookie some dunk in milk,967,0.5092149972915649,0.6120676398277283
968,968,it has two colors and three layers,968,0.5664157271385193,0.4679301083087921
969,969,creme sandwich cookie,969,0.4599155783653259,0.45933911204338074
970,970,100-year-old cookie,970,0.3444095849990845,0.594733715057373
971,971,100-year-old snack,971,0.4695577025413513,0.6356334090232849
972,972,cookie favorites for decades,972,0.41990432143211365,0.684578001499176
973,973,post-sandwich sandwich?,973,0.5971320271492004,0.5202443599700928
974,974,creme-filled chocolate snack,974,0.20115631818771362,0.5940756797790527
975,975,snack that can be twisted apart,975,0.4609399735927582,0.5157188773155212
976,976,sweet lunchbox sandwich,976,0.5075332522392273,0.6114891767501831
977,977,treat with three vowels,977,0.38796597719192505,0.6186214089393616
978,978,cookie in many crosswords,978,0.34862419962882996,0.6534217596054077
979,979,lunch-box cookie,979,0.3760530948638916,0.6695663332939148
980,980,popular creme-filled cookie,980,0.4784371554851532,0.6967377662658691
981,981,some kids eat the middle of this first,981,0.6552256345748901,0.6456345319747925
982,982,treat dipped in milk,982,0.5127611756324768,0.5817691683769226
983,983,chocolate cookie with white filling,983,0.5219472646713257,0.5478004217147827
984,984,"cookie on a sundae, sometimes",984,0.5382694005966187,0.6205674409866333
985,985,cookie selection,985,0.5145496726036072,0.6283019781112671
986,986,cookie with a white cream filling,986,0.498311311006546,0.39675822854042053
987,987,cookie in some mcflurrys,987,0.6381608843803406,0.7266290783882141
988,988,cookie in some cheesecake crusts,988,0.6031403541564941,0.7719070911407471
989,989,cookie resembling the old hydrox,989,0.47602635622024536,0.6905917525291443
990,990,crunchy ingredient in ice cream,990,0.5618861317634583,0.4975307583808899
991,991,three-layered snack,991,0.5627114772796631,0.8305708169937134
992,992,1912 answer to the hydrox,992,0.7178493738174438,0.589033842086792
993,993,cookie deep-fried at state fairs,993,0.6038063764572144,0.5316881537437439
994,994,cookie from the makers of 10-across,994,0.4676077663898468,0.4909382462501526
995,995,"cookie once billed as a ""biscuit""",995,0.36731985211372375,0.6436981558799744
996,996,cookie with a pb&j variety,996,0.4590993821620941,0.504113495349884
997,997,cookie with a limited-edition peeps version,997,0.39208003878593445,0.7852274775505066
998,998,cookies 'n' creme cookie,998,0.4747157096862793,0.6901065111160278
999,999,nabisco cookie since 1912,999,0.6464396715164185,0.5842753648757935
1000,1000,snack often eaten inside-out,1000,0.4729258120059967,0.6627524495124817
1001,1001,cookie crumbled in ice cream,1001,0.36402571201324463,0.4909006953239441
1002,1002,cookie crumbled into desserts,1002,0.5743749737739563,0.6042125821113586
1003,1003,cookie embossed with its name,1003,0.5779582858085632,0.5834323763847351
1004,1004,cookie in cheesecake recipes,1004,0.49004438519477844,0.748268723487854
1005,1005,cookie in dirt cups,1005,0.5705478191375732,0.5765269994735718
1006,1006,cookie in pie crust,1006,0.49019885063171387,0.7476950287818909
1007,1007,cookie that may be pulled apart,1007,0.46816980838775635,0.6973400712013245
1008,1008,cookie with a cookies & creme variety,1008,0.4537280201911926,0.7485153079032898
1009,1009,cookie with a thin bites variety,1009,0.5750213265419006,0.546748161315918
1010,1010,cookie with a triple double variety,1010,0.5410208106040955,0.49141258001327515
1011,1011,cookie with floret designs,1011,0.3696311414241791,0.609473466873169
1012,1012,deep-fried carnival treat,1012,0.5769761800765991,0.6445236206054688
1013,1013,its halloween variety has orange creme,1013,0.549582302570343,0.6778062582015991
1014,1014,snack pack cookie,1014,0.4141540229320526,0.6611917614936829
1015,1015,snack with a thin bites variety,1015,0.4393492639064789,0.5940141677856445
1016,1016,three-layer lunchbox treat,1016,0.6516026258468628,0.6189771294593811
1017,1017,treat whose name appears on it twice,1017,0.5837342739105225,0.6022313237190247
1018,1018,lick race cookie,1018,0.35831961035728455,0.5963894128799438
1019,1019,minute to win it cookie,1019,0.5541480779647827,0.7611841559410095
1020,1020,"175""-diameter cookie",1020,0.5680976510047913,0.7475423812866211
1021,1021,53-calorie cookie,1021,0.5071661472320557,0.730010449886322
1022,1022,android version between nougat and pie,1022,0.47308555245399475,0.5810357332229614
1023,1023,brand at snackworkscom,1023,0.6783428192138672,0.7070427536964417
1024,1024,chips ahoy! shelfmate,1024,0.6357728838920593,0.6717706322669983
1025,1025,cookie brand with many flavors,1025,0.38719600439071655,0.7895344495773315
1026,1026,cookie crumbled on sundaes,1026,0.33114051818847656,0.6257780194282532
1027,1027,cookie in jell-o pudding,1027,0.6258957982063293,0.7779378890991211
1028,1028,"cookie in a ""lick race""",1028,0.5896629095077515,0.6926689147949219
1029,1029,cookie in milkshakes,1029,0.3780577480792999,0.6010003685951233
1030,1030,cookie in mud pies,1030,0.4667188227176666,0.6463007926940918
1031,1031,cookie in piecrusts,1031,0.5656943917274475,0.6642007827758789
1032,1032,cookie inspired by the hydrox,1032,0.41005271673202515,0.4621977210044861
1033,1033,cookie that's often twisted,1033,0.8449264764785767,0.6076951026916504
1034,1034,cookie that's sometimes deep-fried,1034,0.5335031151771545,0.5939380526542664
1035,1035,"cookie with a big stuf version, once",1035,0.3643946051597595,0.7609128952026367
1036,1036,cookie with a cinnamon bun variety,1036,0.5188507437705994,0.5440074801445007
1037,1037,cookie with a kettle corn variety,1037,0.5134301781654358,0.510144829750061
1038,1038,cookie with a mini version,1038,0.4990181028842926,0.4762062430381775
1039,1039,cookie with a peeps variety,1039,0.523445188999176,0.5103623270988464
1040,1040,embossed cookie,1040,0.6685441732406616,0.7804427146911621
1041,1041,halloween treat with orange creme,1041,0.5467119812965393,0.5871051549911499
1042,1042,nabisco's top seller,1042,0.27483487129211426,0.5581398010253906
1043,1043,separable snack item,1043,0.6240102648735046,0.6744370460510254
1044,1044,snack with its name on it,1044,0.40696480870246887,0.5757787823677063
1045,1045,venerable cookie,1045,0.662796676158905,0.7945725321769714
1046,1046,world's top-selling cookie,1046,0.6448224186897278,0.5867049098014832
1047,1047,stuf-stuffed cookie,1047,0.6249415278434753,0.5260428190231323
1048,1048,brand of creme-filled cookies,1048,0.5609861016273499,0.6735188961029053
1049,1049,cookie bearing the nabisco logo,1049,0.6124921441078186,0.6942253708839417
1050,1050,cookie brand with a carrot cake flavor,1050,0.6830047369003296,0.711373507976532
1051,1051,cookie in some crusts,1051,0.6354849338531494,0.7540919184684753
1052,1052,cookie that some people eat with mustard,1052,0.3534054458141327,0.5408947467803955
1053,1053,cookie with a most stuf variety,1053,0.5513182282447815,0.4705456793308258
1054,1054,great value's twist & shout cookie looks like one,1054,0.43971484899520874,0.5836073756217957
1055,1055,hydrox cookie lookalike,1055,0.4377744197845459,0.7915502190589905
1056,1056,sister brand of newtons,1056,0.4641015827655792,0.6795467138290405
1057,1057,topping on some dessert pizzas,1057,0.6450844407081604,0.7616678476333618
1058,1058,cookie of cookies,1058,0.3020189702510834,0.6159728765487671
1059,1059,milk companion,1059,0.4326452910900116,0.4455520808696747
1060,1060,milk dipper,1060,0.3888615071773529,0.41020438075065613
1061,1061,sandwich sweet,1061,0.6669350862503052,0.4905262589454651
1062,1062,droxie cookie rival,1062,0.39415794610977173,0.6089485287666321
1063,1063,double stuf delight,1063,0.44488149881362915,0.5986741185188293
1064,1064,target of some twisters,1064,0.43159398436546326,0.5521184802055359
1065,1065,___ dream extreme cheesecake (offering at the cheesecake factory),1065,0.5202019810676575,0.6387662291526794
1066,1066,sundae bar topping,1066,0.689507246017456,0.421351820230484
1067,1067,wonderfilled treat,1067,0.6253921389579773,0.6475874781608582
1068,1068,circular nabisco snack,1068,0.711842954158783,0.556688129901886
1069,1069,cookie created in 1912,1069,0.6549168229103088,0.6818425059318542
1070,1070,cookie created to compete with hydrox,1070,0.6764959096908569,0.6939980983734131
1071,1071,creme container,1071,0.533234715461731,0.6507048606872559
1072,1072,oft-dunked item,1072,0.46530580520629883,0.4038315415382385
1073,1073,cookie creation of 1912,1073,0.6423739790916443,0.7356441617012024
1074,1074,"subject of weird al's ""the white stuff""",1074,0.40628162026405334,0.42845845222473145
1075,1075,brand that turned 100 in 2012,1075,0.6799443364143372,0.6061270236968994
1076,1076,treat celebrating its 100th birthday in 2012,1076,0.4284810721874237,0.640164852142334
1077,1077,treat with a creme filling,1077,0.5377198457717896,0.5892669558525085
1078,1078,cookie with a green tea version in asia,1078,0.568440854549408,0.6981866359710693
1079,1079,treat consisting of 29% creme,1079,0.5587286949157715,0.5891622304916382
1080,1080,treat that's had a holiday candy cane edition,1080,0.4979653060436249,0.6373805999755859
1081,1081,treat with a trademarked design,1081,0.4953603744506836,0.6536175012588501
1082,1082,cookie sold in over 100 countries,1082,0.30521827936172485,0.7213125824928284
1083,1083,treat with its name on both sides,1083,0.29699844121932983,0.747563898563385
1084,1084,"brand with a 2019 ""most stuf"" variety",1084,0.6986337900161743,0.609426736831665
1085,1085,brand with a hot chicken wing flavor in china,1085,0.5473434925079346,0.7149254083633423
1086,1086,"brand formerly advertised as ""the original twister""",1086,0.5874656438827515,0.5845169425010681
1087,1087,brand with a wasabi flavor in china,1087,0.7902636528015137,0.6071805357933044
1088,1088,"brand with coconut and pistachio ""thins""",1088,0.581968367099762,0.6856538653373718
1089,1089,dirt pudding ingredient,1089,0.42166292667388916,0.70284104347229
1090,1090,milk dunker,1090,0.41697338223457336,0.42118823528289795
1091,1091,name trademarked in 1912,1091,0.7559495568275452,0.5318673849105835
1092,1092,"sundae topper, sometimes",1092,0.5117450952529907,0.5836697220802307
1093,1093,sweet creation of 1912,1093,0.5572521090507507,0.5678910613059998
1094,1094,cookies,1094,0.27049025893211365,0.5932987332344055
1095,1095,milk-dunked cookies,1095,0.5426176190376282,0.7148464322090149
1096,1096,"lunchbox dessert, maybe",1096,0.6634991765022278,0.4414174258708954
1097,1097,two-toned treats,1097,0.3274175524711609,0.6343718767166138
1098,1098,black-and-white junk food,1098,0.4337007403373718,0.45155176520347595
1099,1099,best-selling cookies in china,1099,0.4415992796421051,0.587255597114563
1100,1100,cookies sold in blue packages,1100,0.5797335505485535,0.6440097093582153
1101,1101,snacks eaten from trays,1101,0.3181922733783722,0.5931537747383118
1102,1102,"bite-size sandwiches, maybe",1102,0.592251181602478,0.5293179154396057
1103,1103,treats sold in a marshmallow crispy variety,1103,0.7482841610908508,0.5797533988952637
1104,1104,little dessert sandwiches,1104,0.6367964148521423,0.5918898582458496
1105,1105,milk accompaniment,1105,0.5308071374893188,0.5385003685951233
1106,1106,bicolored cookies,1106,0.5913418531417847,0.6019317507743835
1107,1107,chocolate and creme cookies,1107,0.5628474950790405,0.7344745993614197
1108,1108,dessert sandwiches,1108,0.5516217947006226,0.5613023638725281
1109,1109,popular sandwich cookies,1109,0.6397131085395813,0.5528733134269714
1110,1110,some people choose to lick them,1110,0.5730870366096497,0.5760992169380188
1111,1111,lickable cookies,1111,0.5299611687660217,0.5485512018203735
1112,1112,"double stuf, etc",1112,0.547973096370697,0.582183837890625
1113,1113,cream-filled snacks,1113,0.5011664628982544,0.7115175127983093
1114,1114,dunkable desserts,1114,0.4057297110557556,0.5257149934768677
1115,1115,"round, sweet sandwiches",1115,0.6004285216331482,0.544352114200592
1116,1116,stackable treats,1116,0.499053955078125,0.7099802494049072
1117,1117,cookies 'n cream cookies,1117,0.6673206090927124,0.5815432071685791
1118,1118,they can take a licking?,1118,0.6839159727096558,0.474791556596756
1119,1119,they're sometimes twisted apart,1119,0.5428694486618042,0.8105995655059814
1120,1120,double stuf racing league cookies,1120,0.5812101364135742,0.5586910247802734
1121,1121,crunchy ice cream mix-in,1121,0.45632463693618774,0.4873245060443878
1122,1122,ice cream mix-ins,1122,0.523996114730835,0.49629640579223633
1123,1123,nabisco bestsellers,1123,0.5530385375022888,0.5234454870223999
1124,1124,classic sandwich cookies,1124,0.5403077602386475,0.6160767078399658
1125,1125,cookies that are a century old,1125,0.48974159359931946,0.6027349233627319
1126,1126,tiered treats,1126,0.5802821516990662,0.5954508781433105
1127,1127,circular treats,1127,0.5223893523216248,0.7799832820892334
1128,1128,"belted galloway cows, informally",1128,0.5451984405517578,0.3335021138191223
1129,1129,classic milk-dunking cookies,1129,0.5975019335746765,0.6934046149253845
1130,1130,"cookies used in ""dirt cake""",1130,0.6118452548980713,0.6070494651794434
1131,1131,dirt cake ingredients,1131,0.3855455815792084,0.6196399331092834
1132,1132,three-tiered treats,1132,0.5211601257324219,0.7016494870185852
1133,1133,cookies crumbled into a mcflurry,1133,0.548305094242096,0.597832977771759
1134,1134,often-licked cookies,1134,0.5591349601745605,0.583583414554596
1135,1135,tiered snacks,1135,0.5860021114349365,0.6471454501152039
1136,1136,they go in some shakes,1136,0.48978152871131897,0.41985654830932617
1137,1137,monochromatic cookies,1137,0.43691039085388184,0.6275896430015564
1138,1138,sandwiched sweets,1138,0.5609025955200195,0.6047986745834351
1139,1139,circular sandwiches,1139,0.6181204915046692,0.533744215965271
1140,1140,lunch box snacks,1140,0.20390745997428894,0.6460028886795044
1141,1141,doublestuf cookies,1141,0.5339743494987488,0.5815152525901794
1142,1142,mini or chocolate creme snacks,1142,0.2691445052623749,0.592993974685669
1143,1143,mint 'n creme snacks,1143,0.3511565923690796,0.5715652704238892
1144,1144,some are golden,1144,0.6748694181442261,0.5934721231460571
1145,1145,layered dunkers,1145,0.45297467708587646,0.7064880132675171
1146,1146,they may be licked,1146,0.5328085422515869,0.48691046237945557
1147,1147,oft-licked treats,1147,0.6016267538070679,0.6500422954559326
1148,1148,they're sometimes pulled apart,1148,0.5469028353691101,0.7317475080490112
1149,1149,"ingredients in a mcflurry, perhaps",1149,0.5957680344581604,0.5637292861938477
1150,1150,after-school treats,1150,0.5608293414115906,0.7084886431694031
1151,1151,droxies used to compete with them,1151,0.5521326661109924,0.4674984812736511
1152,1152,cookies mixed in some ice cream,1152,0.5452905893325806,0.4571823477745056
1153,1153,"hydrox rivals, once",1153,0.43871259689331055,0.6187044382095337
1154,1154,watch how wonder unfolds snacks,1154,0.4894430935382843,0.7819661498069763
1155,1155,wonderfilled treats,1155,0.23263072967529297,0.7142561674118042
1156,1156,easily crumbled cookies,1156,0.4648807644844055,0.6162638068199158
1157,1157,they have red velvet and watermelon varieties,1157,0.5599510669708252,0.6892293095588684
1158,1158,"former uh-oh! cookies, now called golden",1158,0.49102023243904114,0.484824538230896
1159,1159,cookie bits in some milka chocolate bars,1159,0.5611358284950256,0.5847980380058289
1160,1160,nabisco noshes,1160,0.5815555453300476,0.5975229144096375
1161,1161,"thins, eg",1161,0.316053181886673,0.53117436170578
1162,1162,tiered cookies,1162,0.49071696400642395,0.5829084515571594
1163,1163,cookies commonly in cookies and cream ice cream,1163,0.7034501433372498,0.5667460560798645
1164,1164,dunked discs,1164,0.5618508458137512,0.6137641668319702
1165,1165,they have mystery and birthday cake varieties,1165,0.5833086371421814,0.7199410200119019
1166,1166,they may be crumbled in ice cream,1166,0.5780625939369202,0.5216952562332153
1167,1167,classic chocolate sandwich cookies,1167,0.29879429936408997,0.5858553051948547
1168,1168,droxies alternative,1168,0.6240519285202026,0.5914351940155029
1169,1169,snacktime stack,1169,0.4917883574962616,0.4816928505897522
1170,1170,mrs fields alternative,1170,0.4956009089946747,0.70808345079422
1171,1171,droxies competitors,1171,0.636126697063446,0.664232075214386
1172,1172,chocolaty cookies,1172,0.3389582931995392,0.6154959797859192
1173,1173,billion-selling cookies,1173,0.34101635217666626,0.611865222454071
1174,1174,black and white dunkees,1174,0.6822253465652466,0.5178578495979309
1175,1175,extras in some ice creams,1175,0.49771738052368164,0.6520019769668579
1176,1176,two-color treats,1176,0.5344051718711853,0.41440439224243164
1177,1177,celebrate the kid inside snacks,1177,0.4550158381462097,0.5342477560043335
1178,1178,cookies in some ice creams,1178,0.5042058825492859,0.5815879106521606
1179,1179,part of some piecrusts,1179,0.561198353767395,0.4074282646179199
1180,1180,after-school snacks,1180,0.5465884208679199,0.6930224895477295
1181,1181,droxies' lookalikes,1181,0.42999520897865295,0.6559141874313354
1182,1182,ice cream shop mix-in,1182,0.5402202606201172,0.5538536906242371
1183,1183,snacks that can be dunked or twisted,1183,0.47828254103660583,0.54011070728302
1184,1184,nonagenarian cookies,1184,0.46459320187568665,0.6062861084938049
1185,1185,they're sometimes deep-fried at carnivals,1185,0.536604642868042,0.5609379410743713
1186,1186,chocolate snacks,1186,0.5553830862045288,0.7079893946647644
1187,1187,creme-filled munchies,1187,0.5400090217590332,0.6358448266983032
1188,1188,hydrox alternatives,1188,0.4617992341518402,0.5673624277114868
1189,1189,creme cookies,1189,0.5759446024894714,0.6121428608894348
1190,1190,they can be licked,1190,0.47871333360671997,0.5920628309249878
1191,1191,they may get a licking after dinner,1191,0.4872802495956421,0.5922273397445679
1192,1192,"cookies 1 3/4"" in diameter",1192,0.43812859058380127,0.5703818798065186
1193,1193,some take a licking,1193,0.4768923223018646,0.6688189506530762
1194,1194,snacks packaged in trays,1194,0.40431952476501465,0.8041677474975586
1195,1195,lunchbox desserts,1195,0.6988692283630371,0.6041200757026672
1196,1196,chocolaty treats,1196,0.6749141812324524,0.6112633347511292
1197,1197,stackable snackables,1197,0.7666627168655396,0.5127503871917725
1198,1198,snacks often served with milk,1198,0.41678380966186523,0.5649501085281372
1199,1199,treats often taken apart,1199,0.5491122007369995,0.3820231258869171
1200,1200,snacks dipped in milk,1200,0.5453316569328308,0.5624440908432007
1201,1201,they're often twisted apart,1201,0.5481823086738586,0.5669962763786316
1202,1202,round snack items,1202,0.5566098093986511,0.6871695518493652
1203,1203,snacks often eaten inside out,1203,0.5256916880607605,0.8447896838188171
1204,1204,cookies in a box lunch,1204,0.5305104851722717,0.5399090051651001
1205,1205,dirt cake ingredients,1205,0.6836025714874268,0.6217337250709534
1206,1206,onetime meringue-filled treats,1206,0.5206118226051331,0.6474220752716064
1207,1207,they come in a triple double variety,1207,0.5291931629180908,0.6755326390266418
1208,1208,"topic of weird al yankovic's ""the white stuff""",1208,0.4427243769168854,0.5477489829063416
1209,1209,many people like to take these apart,1209,0.5449903607368469,0.45716649293899536
1210,1210,cookies that flavor some ice cream,1210,0.5480905771255493,0.5751016736030579
1211,1211,cookies that can be twisted apart,1211,0.5856212377548218,0.7004179358482361
1212,1212,common ice cream mix-in,1212,0.46884629130363464,0.7646628022193909
1213,1213,"cookies in ""wonderfilled"" ads",1213,0.46831706166267395,0.5851038694381714
1214,1214,"cookies with a ""golden"" variety",1214,0.6169465780258179,0.7361982464790344
1215,1215,some crumbled dessert toppings,1215,0.7519772052764893,0.49260351061820984
1216,1216,cookies with a double stuf variety,1216,0.5970740914344788,0.7032054662704468
1217,1217,"things to ""twist, lick, dunk"" in a game app",1217,0.4595690071582794,0.4967958927154541
1218,1218,little sandwiches for dessert,1218,0.5982195734977722,0.5862464904785156
1219,1219,snacks in stacks,1219,0.5466014742851257,0.6606993079185486
1220,1220,snacks often paired with milk,1220,0.2341054379940033,0.5655947327613831
1221,1221,crushed toppings for ice cream sundaes,1221,0.5243392586708069,0.7267890572547913
1222,1222,shelfmates of chips ahoy!,1222,0.5387128591537476,0.6353194713592529
1223,1223,black-and-white stack,1223,0.5201066136360168,0.3368799686431885
1224,1224,product whose package has a splash of milk,1224,0.35273560881614685,0.4401748478412628
1225,1225,snack items with their name on the top and bottom,1225,0.4772990345954895,0.8885852098464966
1226,1226,dipped cookies,1226,0.42440345883369446,0.5966091156005859
1227,1227,96-year-old cookies,1227,0.5563529133796692,0.4826364815235138
1228,1228,cookies introduced to the chinese market in 1996,1228,0.6242268681526184,0.7104082703590393
1229,1229,"short-lived domino's ""dessert pizza"" topping",1229,0.5541689991950989,0.536003053188324
1230,1230,dunked cookies,1230,0.47221639752388,0.6595048904418945
1231,1231,splittable cookies,1231,0.4742663502693176,0.5813700556755066
1232,1232,often-dipped cookies,1232,0.3978801667690277,0.6036587357521057
1233,1233,twistable little treats,1233,0.4513007402420044,0.6729720234870911
1234,1234,"green room treats, perhaps",1234,0.4044303297996521,0.7829892635345459
1235,1235,"so forget ___, eat cool j cookies",1235,0.4588658809661865,0.6459465622901917
1236,1236,black-and-white joy,1236,0.48487937450408936,0.518339991569519
1237,1237,food items often disassembled before consumption,1237,0.39704465866088867,0.5820152163505554
1238,1238,dark cookies,1238,0.533903956413269,0.6017674207687378
1239,1239,nabisco favorites,1239,0.560346782207489,0.45087093114852905
1240,1240,cookies with a white filling,1240,0.3883483111858368,0.5273264050483704
1241,1241,lunch box cookie treats,1241,0.5036395192146301,0.5994876027107239
1242,1242,hydrox rivals,1242,0.4942639470100403,0.5281752347946167
1243,1243,three-part treats,1243,0.5654539465904236,0.6374416351318359
1244,1244,cookies with white fillings,1244,0.7158446907997131,0.5376983880996704
1245,1245,"after-lunch sandwiches, perhaps",1245,0.5913760662078857,0.582435131072998
1246,1246,lunch box treats,1246,0.5315942764282227,0.6824039220809937
1247,1247,cookies crushed for pie crusts,1247,0.31471264362335205,0.5928367376327515
1248,1248,cookies in many a box lunch,1248,0.4608650803565979,0.5996196866035461
1249,1249,cookies often used as crossword clues,1249,0.3697403073310852,0.5704683065414429
1250,1250,nabisco goodies,1250,0.5291389226913452,0.557144045829773
1251,1251,"cookies in a box lunch, perhaps",1251,0.46065327525138855,0.6220696568489075
1252,1252,some sandwich cookies,1252,0.632609486579895,0.6600748300552368
1253,1253,cookies for over 100 years,1253,0.3498978912830353,0.6094155311584473
1254,1254,cookies nearly 2 inches in diameter,1254,0.6221826076507568,0.5849230289459229
1255,1255,cookies with three parts,1255,0.4051310122013092,0.5766923427581787
1256,1256,some common cookies,1256,0.565656840801239,0.6119763255119324
1257,1257,common cookies,1257,0.6346797943115234,0.6280269622802734
1258,1258,multi-voweled cookies,1258,0.4578706622123718,0.5863181948661804
1259,1259,snacks that can be dunked,1259,0.5082136988639832,0.5642487406730652
1260,1260,hydrox cookies inspired them,1260,0.5499377846717834,0.5143402814865112
1261,1261,some are fudge covered,1261,0.39145714044570923,0.437473863363266
1262,1262,cream cookies,1262,0.6091387271881104,0.5963159203529358
1263,1263,they go with milk,1263,0.49943700432777405,0.4935890734195709
1264,1264,sandwich indulgences,1264,0.6918438076972961,0.43339842557907104
1265,1265,snacks with three layers,1265,0.5927026867866516,0.9083142876625061
1266,1266,dunkable cookies,1266,0.5109083652496338,0.6156843304634094
1267,1267,cookies in some dairy queen blizzards,1267,0.5517306327819824,0.6207592487335205
1268,1268,cookies often served with milk,1268,0.6295933127403259,0.7039396166801453
1269,1269,crunchy treats with milk,1269,0.5383261442184448,0.5517917275428772
1270,1270,cookie choices,1270,0.2764379680156708,0.5838165283203125
1271,1271,"cookies in a box lunch, sometimes",1271,0.5084280967712402,0.553986668586731
1272,1272,some black-and-white snacks,1272,0.4200431704521179,0.7614993453025818
1273,1273,twisted-apart cookies,1273,0.5990671515464783,0.7271490097045898
1274,1274,twistable snacks,1274,0.4354741871356964,0.543113112449646
1275,1275,wonderfilled cookies,1275,0.5043666362762451,0.583645224571228
1276,1276,cookies deep-fried at fairs,1276,0.49849554896354675,0.598738968372345
1277,1277,cookies in mcflurrys,1277,0.3614630699157715,0.6032686233520508
1278,1278,black-and-white sleeveful,1278,0.5104868412017822,0.42457595467567444
1279,1279,dunkables since 1912,1279,0.613955020904541,0.5358338952064514
1280,1280,black-white-black snacks,1280,0.5695978403091431,0.8053176999092102
1281,1281,cookies in sleeves,1281,0.4946819543838501,0.5826130509376526
1282,1282,cream-filled chocolate snacks,1282,0.46864455938339233,0.5749127268791199
1283,1283,sandwich snacks,1283,0.44854113459587097,0.5224140286445618
1284,1284,"double stufs, eg",1284,0.5053250789642334,0.45316776633262634
1285,1285,droxies lookalikes,1285,0.3417704701423645,0.5287930369377136
1286,1286,stackable snacks,1286,0.4260009229183197,0.696842610836029
1287,1287,ornately embossed edibles,1287,0.4290303587913513,0.44442862272262573
1288,1288,ingredients in tgi friday's dessert cup of dirt,1288,0.5375298261642456,0.5707730054855347
1289,1289,popular snacks that inspired this puzzle's theme,1289,0.5332023501396179,0.5824790596961975
1290,1290,lunchbox favorites,1290,0.6583238840103149,0.45166414976119995
1291,1291,crunchy pie crust components,1291,0.6818192005157471,0.4945930242538452
1292,1292,sandwiches in lunchboxes,1292,0.5563565492630005,0.4579411745071411
1293,1293,sweet snacks for over a century,1293,0.39367562532424927,0.8692869544029236
1294,1294,makeup of some pie crusts,1294,0.6967336535453796,0.6949429512023926
1295,1295,tripartite treats,1295,0.6358675360679626,0.6316075921058655
1296,1296,crumbles on sundaes,1296,0.5405877828598022,0.6076359152793884
1297,1297,"treats once advertised as ""the original twister""",1297,0.4644606113433838,0.6792054772377014
1298,1298,three-part snacks,1298,0.5238901376724243,0.7348525524139404
